區域別,性別,總計,合計0至4歲,0歲,1歲,2歲,3歲,4歲,合計5至9歲,5歲,6歲,7歲,8歲,9歲,合計10至14歲,10歲,11歲,12歲,13歲,14歲,合計15至19歲,15歲,16歲,17歲,18歲,19歲,合計20至24歲,20歲,21歲,22歲,23歲,24歲,合計25至29歲,25歲,26歲,27歲,28歲,29歲,合計30至34歲,30歲,31歲,32歲,33歲,34歲,合計35至39歲,35歲,36歲,37歲,38歲,39歲,合計40至44歲,40歲,41歲,42歲,43歲,44歲,合計45至49歲,45歲,46歲,47歲,48歲,49歲,合計50至54歲,50歲,51歲,52歲,53歲,54歲,合計55至59歲,55歲,56歲,57歲,58歲,59歲,合計60至64歲,60歲,61歲,62歲,63歲,64歲,合計65至69歲,65歲,66歲,67歲,68歲,69歲,合計70至74歲,70歲,71歲,72歲,73歲,74歲,合計75至79歲,75歲,76歲,77歲,78歲,79歲,合計80至84歲,80歲,81歲,82歲,83歲,84歲,合計85至89歲,85歲,86歲,87歲,88歲,89歲,合計90至94歲,90歲,91歲,92歲,93歲,94歲,合計95至99歲,95歲,96歲,97歲,98歲,99歲,100歲以上
臺南市,計,1881494,72844,11462,13316,14952,16261,16853,77437,15982,16550,17484,14208,13213,78225,15327,15562,15614,15650,16072,95577,16495,17361,18338,20979,22404,117054,20995,21786,24760,24618,24895,126432,25265,25380,24725,25325,25737,130887,25840,26242,25037,25238,28530,160016,29687,31350,32716,33334,32929,156158,33076,31920,31863,31397,27902,138495,27290,27041,27165,27914,29085,146632,28994,29115,28716,29928,29879,152841,30347,31023,30919,30879,29673,137249,29363,27805,26222,27707,26152,107695,23384,22836,22041,22276,17158,62382,17366,15053,11711,8951,9301,50466,10816,10320,9908,9984,9438,37654,8658,7824,7572,6765,6835,22603,5680,4911,4484,4003,3525,8839,2682,2208,1655,1354,940,1796,673,425,322,230,146,212
臺南市,男,937949,37746,5969,6828,7648,8608,8693,40158,8205,8441,9126,7443,6943,40662,7851,8119,8120,8177,8395,49794,8567,9075,9591,10876,11685,60983,10940,11435,13045,12741,12822,65488,13062,13011,12922,13111,13382,67146,13461,13559,12927,12871,14328,79842,14910,15698,16154,16656,16424,77931,16727,16181,15819,15625,13579,67940,13580,13098,13290,13680,14292,72311,14231,14385,14128,14833,14734,75796,15072,15373,15375,15321,14655,68215,14624,13796,13163,13745,12887,52847,11538,11256,10807,10901,8345,29390,8341,7152,5466,4146,4285,22454,4802,4724,4389,4404,4135,15712,3644,3324,3124,2790,2830,9208,2235,2019,1816,1682,1456,3611,1123,912,695,529,352,637,248,143,113,81,52,78
臺南市,女,943545,35098,5493,6488,7304,7653,8160,37279,7777,8109,8358,6765,6270,37563,7476,7443,7494,7473,7677,45783,7928,8286,8747,10103,10719,56071,10055,10351,11715,11877,12073,60944,12203,12369,11803,12214,12355,63741,12379,12683,12110,12367,14202,80174,14777,15652,16562,16678,16505,78227,16349,15739,16044,15772,14323,70555,13710,13943,13875,14234,14793,74321,14763,14730,14588,15095,15145,77045,15275,15650,15544,15558,15018,69034,14739,14009,13059,13962,13265,54848,11846,11580,11234,11375,8813,32992,9025,7901,6245,4805,5016,28012,6014,5596,5519,5580,5303,21942,5014,4500,4448,3975,4005,13395,3445,2892,2668,2321,2069,5228,1559,1296,960,825,588,1159,425,282,209,149,94,134
新營區,計,77114,2748,425,506,528,627,662,3342,630,743,781,619,569,3717,636,711,852,781,737,4420,761,835,815,986,1023,5016,915,949,1028,1059,1065,5308,1135,1058,1034,1028,1053,5253,1055,1089,1044,998,1067,5926,1112,1244,1208,1179,1183,5709,1253,1115,1191,1147,1003,5225,1078,1034,1031,1017,1065,5826,1138,1165,1104,1188,1231,6146,1210,1234,1287,1216,1199,5687,1159,1192,1078,1182,1076,4571,975,968,942,956,730,2767,779,625,576,371,416,2255,456,443,463,452,441,1674,423,305,337,321,288,1070,292,243,187,188,160,377,122,86,74,53,42,69,26,11,18,11,3,8
新營區,男,38126,1494,222,280,291,344,357,1748,340,377,400,314,317,1901,325,360,421,407,388,2293,373,416,436,531,537,2603,481,492,515,547,568,2745,598,532,519,526,570,2753,590,570,565,509,519,2937,568,596,593,580,600,2763,608,539,595,557,464,2483,508,485,494,514,482,2803,539,570,531,579,584,2999,583,620,626,601,569,2750,563,564,530,577,516,2218,434,496,452,479,357,1321,384,291,276,171,199,1028,217,219,210,185,197,715,176,136,162,123,118,400,106,90,72,75,57,142,48,31,32,20,11,25,9,3,9,2,2,5
新營區,女,38988,1254,203,226,237,283,305,1594,290,366,381,305,252,1816,311,351,431,374,349,2127,388,419,379,455,486,2413,434,457,513,512,497,2563,537,526,515,502,483,2500,465,519,479,489,548,2989,544,648,615,599,583,2946,645,576,596,590,539,2742,570,549,537,503,583,3023,599,595,573,609,647,3147,627,614,661,615,630,2937,596,628,548,605,560,2353,541,472,490,477,373,1446,395,334,300,200,217,1227,239,224,253,267,244,959,247,169,175,198,170,670,186,153,115,113,103,235,74,55,42,33,31,44,17,8,9,9,1,3
鹽水區,計,25284,776,131,155,160,160,170,797,146,160,182,167,142,844,145,178,157,165,199,1277,224,268,245,268,272,1569,263,301,339,331,335,1731,345,362,316,344,364,1623,307,307,315,348,346,1884,344,371,364,419,386,1846,389,368,379,387,323,1620,284,317,319,337,363,2010,396,403,420,380,411,2210,439,430,470,425,446,2003,443,434,363,404,359,1562,335,326,311,330,260,1020,308,219,184,163,146,933,194,208,173,193,165,804,173,165,174,138,154,539,144,132,101,94,68,189,78,46,30,23,12,42,18,11,5,5,3,5
鹽水區,男,13155,407,70,84,82,84,87,405,76,84,94,80,71,430,74,88,89,69,110,674,130,141,131,134,138,835,152,149,177,178,179,898,183,177,171,184,183,860,161,172,171,192,164,1025,194,212,194,232,193,1001,194,204,201,215,187,854,166,162,149,172,205,1081,208,217,216,220,220,1214,212,233,268,255,246,1089,247,239,194,202,207,854,200,165,178,173,138,491,143,115,96,78,59,419,84,95,84,82,74,334,75,84,61,52,62,203,58,59,30,32,24,70,32,14,11,7,6,11,7,0,0,3,1,0
鹽水區,女,12129,369,61,71,78,76,83,392,70,76,88,87,71,414,71,90,68,96,89,603,94,127,114,134,134,734,111,152,162,153,156,833,162,185,145,160,181,763,146,135,144,156,182,859,150,159,170,187,193,845,195,164,178,172,136,766,118,155,170,165,158,929,188,186,204,160,191,996,227,197,202,170,200,914,196,195,169,202,152,708,135,161,133,157,122,529,165,104,88,85,87,514,110,113,89,111,91,470,98,81,113,86,92,336,86,73,71,62,44,119,46,32,19,16,6,31,11,11,5,2,2,5
白河區,計,27767,745,124,135,168,162,156,723,139,157,160,143,124,855,166,154,142,187,206,1360,237,244,269,293,317,1590,294,293,324,359,320,1629,336,348,324,331,290,1613,316,316,298,342,341,1826,341,362,370,369,384,1859,376,412,366,365,340,1757,322,329,351,354,401,2134,365,412,421,462,474,2507,475,498,517,495,522,2285,479,439,439,444,484,1884,409,351,401,383,340,1362,348,337,238,217,222,1250,233,217,257,269,274,1230,268,257,265,213,227,771,190,164,150,153,114,324,91,86,62,61,24,56,21,12,10,10,3,7
白河區,男,14508,395,67,77,82,84,85,358,63,84,83,70,58,434,87,73,78,93,103,717,131,123,139,151,173,851,168,155,173,184,171,853,174,180,186,171,142,871,164,165,175,186,181,965,190,196,183,191,205,949,198,217,178,190,166,964,178,163,205,197,221,1208,205,229,227,278,269,1439,270,273,307,289,300,1253,267,232,249,247,258,994,223,193,215,199,164,648,180,146,124,103,95,569,102,103,112,122,130,530,120,107,115,81,107,344,78,75,61,67,63,139,37,37,34,21,10,21,8,1,6,5,1,6
白河區,女,13259,350,57,58,86,78,71,365,76,73,77,73,66,421,79,81,64,94,103,643,106,121,130,142,144,739,126,138,151,175,149,776,162,168,138,160,148,742,152,151,123,156,160,861,151,166,187,178,179,910,178,195,188,175,174,793,144,166,146,157,180,926,160,183,194,184,205,1068,205,225,210,206,222,1032,212,207,190,197,226,890,186,158,186,184,176,714,168,191,114,114,127,681,131,114,145,147,144,700,148,150,150,132,120,427,112,89,89,86,51,185,54,49,28,40,14,35,13,11,4,5,2,1
柳營區,計,21112,679,107,135,139,151,147,530,112,91,117,109,101,515,95,107,86,95,132,1034,161,185,207,226,255,1362,258,260,265,267,312,1549,304,328,306,324,287,1428,313,272,258,299,286,1543,313,303,305,315,307,1438,295,312,290,297,244,1390,264,261,278,286,301,1664,300,304,349,347,364,1891,388,385,352,363,403,1684,354,356,316,326,332,1413,282,287,300,300,244,903,242,203,183,119,156,845,169,164,156,196,160,664,152,121,144,125,122,411,108,91,89,66,57,141,52,29,28,18,14,25,12,5,5,2,1,3
柳營區,男,11005,352,65,66,64,80,77,270,61,45,59,59,46,283,49,57,47,50,80,515,78,100,98,101,138,721,130,125,156,142,168,810,166,168,165,160,151,771,173,154,134,154,156,835,188,154,167,162,164,751,153,167,154,159,118,723,144,133,144,147,155,903,155,171,180,196,201,1065,196,219,205,203,242,936,207,194,181,174,180,736,147,132,167,159,131,430,120,116,78,43,73,393,80,80,73,87,73,293,69,44,65,58,57,162,45,29,38,26,24,50,22,9,10,5,4,5,2,1,1,1,0,1
柳營區,女,10107,327,42,69,75,71,70,260,51,46,58,50,55,232,46,50,39,45,52,519,83,85,109,125,117,641,128,135,109,125,144,739,138,160,141,164,136,657,140,118,124,145,130,708,125,149,138,153,143,687,142,145,136,138,126,667,120,128,134,139,146,761,145,133,169,151,163,826,192,166,147,160,161,748,147,162,135,152,152,677,135,155,133,141,113,473,122,87,105,76,83,452,89,84,83,109,87,371,83,77,79,67,65,249,63,62,51,40,33,91,30,20,18,13,10,20,10,4,4,1,1,2
後壁區,計,23071,587,99,105,129,130,124,544,117,98,136,92,101,643,103,115,116,145,164,1174,202,200,231,265,276,1299,248,228,295,271,257,1386,272,302,282,275,255,1351,271,249,272,254,305,1483,319,297,286,291,290,1493,316,327,312,288,250,1424,243,258,266,336,321,1820,340,350,352,385,393,2111,394,445,433,427,412,1899,445,380,350,372,352,1637,351,343,309,344,290,1142,271,303,196,173,199,1115,237,198,235,226,219,991,212,191,190,195,203,699,156,177,135,117,114,228,64,53,54,35,22,37,12,8,9,7,1,8
後壁區,男,11979,314,55,49,70,75,65,275,65,43,68,49,50,343,51,60,60,89,83,596,110,91,108,143,144,654,123,116,141,146,128,733,154,141,152,154,132,721,132,135,152,147,155,765,168,156,140,153,148,805,168,174,171,156,136,728,129,131,137,162,169,1006,177,206,200,208,215,1187,215,260,237,246,229,1071,242,223,206,205,195,897,201,181,155,197,163,591,140,166,99,90,96,500,101,103,91,105,100,428,92,85,79,88,84,279,58,83,49,51,38,80,23,24,15,12,6,6,2,2,1,1,0,0
後壁區,女,11092,273,44,56,59,55,59,269,52,55,68,43,51,300,52,55,56,56,81,578,92,109,123,122,132,645,125,112,154,125,129,653,118,161,130,121,123,630,139,114,120,107,150,718,151,141,146,138,142,688,148,153,141,132,114,696,114,127,129,174,152,814,163,144,152,177,178,924,179,185,196,181,183,828,203,157,144,167,157,740,150,162,154,147,127,551,131,137,97,83,103,615,136,95,144,121,119,563,120,106,111,107,119,420,98,94,86,66,76,148,41,29,39,23,16,31,10,6,8,6,1,8
東山區,計,20528,556,82,125,117,122,110,466,105,92,109,74,86,585,89,105,99,143,149,1031,191,197,200,234,209,1187,224,242,251,238,232,1197,251,262,246,215,223,1182,252,226,223,234,247,1379,263,281,273,283,279,1315,270,263,268,261,253,1359,265,259,253,281,301,1729,309,337,310,390,383,1972,415,395,418,394,350,1658,340,361,325,323,309,1427,285,282,272,311,277,988,242,226,189,147,184,995,190,181,194,209,221,764,163,163,170,141,127,517,137,85,122,94,79,184,49,43,41,31,20,37,13,10,6,4,4,0
東山區,男,10891,287,43,63,66,65,50,232,55,47,51,31,48,315,47,57,56,75,80,537,101,106,88,119,123,616,105,130,136,124,121,614,122,144,124,108,116,689,144,132,133,134,146,722,125,155,148,147,147,715,141,150,150,131,143,714,139,138,133,143,161,1030,178,212,185,236,219,1143,269,225,243,215,191,965,204,207,187,186,181,754,151,161,143,146,153,455,112,111,83,70,79,482,88,92,97,106,99,330,78,83,59,54,56,215,60,37,47,36,35,64,24,12,14,11,3,12,6,4,0,0,2,0
東山區,女,9637,269,39,62,51,57,60,234,50,45,58,43,38,270,42,48,43,68,69,494,90,91,112,115,86,571,119,112,115,114,111,583,129,118,122,107,107,493,108,94,90,100,101,657,138,126,125,136,132,600,129,113,118,130,110,645,126,121,120,138,140,699,131,125,125,154,164,829,146,170,175,179,159,693,136,154,138,137,128,673,134,121,129,165,124,533,130,115,106,77,105,513,102,89,97,103,122,434,85,80,111,87,71,302,77,48,75,58,44,120,25,31,27,20,17,25,7,6,6,4,2,0
麻豆區,計,43990,1473,236,244,323,330,340,1688,343,375,394,304,272,1716,310,310,384,356,356,2278,424,386,413,500,555,2657,479,492,562,565,559,2737,505,537,537,592,566,2924,586,608,525,563,642,3459,678,680,691,713,697,3371,734,728,691,642,576,2879,617,514,565,602,581,3166,599,637,600,664,666,3769,724,740,743,834,728,3507,777,711,634,691,694,2733,554,585,555,572,467,1619,451,379,324,228,237,1419,273,264,267,310,305,1336,298,257,272,255,254,861,219,181,169,141,151,311,104,74,62,40,31,75,33,14,13,8,7,12
麻豆區,男,22376,766,126,126,166,168,180,898,172,195,215,164,152,885,157,165,188,173,202,1200,218,209,213,255,305,1409,255,274,306,287,287,1458,280,279,290,307,302,1522,316,314,268,288,336,1808,353,333,360,396,366,1664,363,356,338,324,283,1484,323,240,298,315,308,1595,307,316,280,344,348,1958,370,380,375,444,389,1842,422,379,330,357,354,1389,285,304,291,291,218,813,220,193,161,115,124,639,130,116,115,144,134,576,123,109,112,119,113,341,82,81,61,63,54,101,40,20,19,14,8,24,7,4,7,3,3,4
麻豆區,女,21614,707,110,118,157,162,160,790,171,180,179,140,120,831,153,145,196,183,154,1078,206,177,200,245,250,1248,224,218,256,278,272,1279,225,258,247,285,264,1402,270,294,257,275,306,1651,325,347,331,317,331,1707,371,372,353,318,293,1395,294,274,267,287,273,1571,292,321,320,320,318,1811,354,360,368,390,339,1665,355,332,304,334,340,1344,269,281,264,281,249,806,231,186,163,113,113,780,143,148,152,166,171,760,175,148,160,136,141,520,137,100,108,78,97,210,64,54,43,26,23,51,26,10,6,5,4,8
下營區,計,23707,740,117,133,146,170,174,733,145,170,165,127,126,779,139,146,159,163,172,1095,200,188,221,227,259,1435,228,263,312,336,296,1485,273,312,296,302,302,1540,293,313,296,300,338,1740,340,304,362,354,380,1662,349,335,368,311,299,1534,282,287,319,307,339,1843,314,337,388,379,425,2159,390,402,444,451,472,1893,415,402,330,378,368,1548,322,348,294,334,250,939,234,215,211,131,148,979,199,189,198,189,204,832,165,188,176,151,152,540,141,111,129,69,90,205,68,51,30,36,20,23,8,5,6,3,1,3
下營區,男,12241,392,64,66,77,79,106,361,70,94,77,59,61,432,72,79,88,94,99,556,113,77,109,128,129,782,121,137,187,169,168,768,148,171,128,177,144,803,157,169,159,150,168,920,193,173,188,162,204,913,200,188,195,167,163,801,139,151,161,170,180,949,170,175,197,201,206,1165,198,216,246,241,264,1017,227,216,192,196,186,798,165,190,146,174,123,467,116,97,102,76,76,446,89,91,83,87,96,374,73,88,78,69,66,209,58,42,44,32,33,82,27,19,13,14,9,6,4,1,0,1,0,0
下營區,女,11466,348,53,67,69,91,68,372,75,76,88,68,65,347,67,67,71,69,73,539,87,111,112,99,130,653,107,126,125,167,128,717,125,141,168,125,158,737,136,144,137,150,170,820,147,131,174,192,176,749,149,147,173,144,136,733,143,136,158,137,159,894,144,162,191,178,219,994,192,186,198,210,208,876,188,186,138,182,182,750,157,158,148,160,127,472,118,118,109,55,72,533,110,98,115,102,108,458,92,100,98,82,86,331,83,69,85,37,57,123,41,32,17,22,11,17,4,4,6,2,1,3
六甲區,計,21936,673,118,117,146,142,150,814,152,195,189,149,129,824,149,141,159,170,205,1143,185,216,212,233,297,1421,255,265,295,284,322,1511,319,307,264,312,309,1427,304,280,287,259,297,1615,283,353,323,330,326,1559,317,305,348,307,282,1432,307,267,263,293,302,1767,353,323,339,376,376,1911,378,398,381,374,380,1721,342,346,336,349,348,1368,287,288,297,257,239,882,230,222,165,147,118,767,156,156,155,165,135,623,128,137,123,113,122,336,95,72,67,59,43,116,35,20,24,24,13,23,7,5,4,4,3,3
六甲區,男,11340,329,63,52,64,72,78,425,76,108,86,80,75,449,80,76,91,88,114,568,103,112,103,109,141,748,134,152,149,158,155,787,156,167,156,160,148,764,159,159,152,150,144,831,147,183,162,162,177,834,175,167,177,172,143,751,158,131,152,155,155,957,178,174,173,211,221,1028,197,232,205,197,197,916,198,193,178,183,164,699,156,148,142,130,123,436,108,124,87,63,54,364,78,75,68,80,63,271,56,63,49,51,52,131,43,23,28,20,17,44,10,10,7,11,6,6,3,1,1,1,0,2
六甲區,女,10596,344,55,65,82,70,72,389,76,87,103,69,54,375,69,65,68,82,91,575,82,104,109,124,156,673,121,113,146,126,167,724,163,140,108,152,161,663,145,121,135,109,153,784,136,170,161,168,149,725,142,138,171,135,139,681,149,136,111,138,147,810,175,149,166,165,155,883,181,166,176,177,183,805,144,153,158,166,184,669,131,140,155,127,116,446,122,98,78,84,64,403,78,81,87,85,72,352,72,74,74,62,70,205,52,49,39,39,26,72,25,10,17,13,7,17,4,4,3,3,3,1
官田區,計,21316,703,130,134,143,143,153,624,121,135,148,111,109,689,136,118,115,137,183,1045,182,184,204,209,266,1389,233,274,316,270,296,1526,323,307,320,264,312,1454,275,300,292,272,315,1594,308,335,321,323,307,1628,358,309,325,326,310,1590,307,329,292,323,339,1741,299,362,342,371,367,1958,394,385,395,391,393,1640,373,340,299,323,305,1254,256,261,252,279,206,799,240,229,121,110,99,602,131,116,109,131,115,522,110,103,96,109,104,385,85,78,72,78,72,149,53,35,27,24,10,23,9,5,5,2,2,1
官田區,男,10848,376,67,69,74,82,84,303,56,64,67,55,61,349,61,62,58,80,88,512,95,87,101,101,128,733,115,142,180,143,153,840,180,151,180,147,182,789,146,178,156,141,168,828,160,173,169,164,162,798,173,150,164,157,154,822,169,155,160,161,177,899,140,185,180,189,205,1064,220,208,217,222,197,851,179,187,162,170,153,608,127,122,129,127,103,348,98,103,51,45,51,247,52,46,50,50,49,226,53,39,39,47,48,177,37,38,34,33,35,69,20,15,18,14,2,9,5,1,2,0,1,0
官田區,女,10468,327,63,65,69,61,69,321,65,71,81,56,48,340,75,56,57,57,95,533,87,97,103,108,138,656,118,132,136,127,143,686,143,156,140,117,130,665,129,122,136,131,147,766,148,162,152,159,145,830,185,159,161,169,156,768,138,174,132,162,162,842,159,177,162,182,162,894,174,177,178,169,196,789,194,153,137,153,152,646,129,139,123,152,103,451,142,126,70,65,48,355,79,70,59,81,66,296,57,64,57,62,56,208,48,40,38,45,37,80,33,20,9,10,8,14,4,4,3,2,1,1
大內區,計,9426,219,34,41,54,41,49,194,40,37,45,34,38,263,57,40,50,51,65,418,73,75,78,88,104,558,110,112,106,131,99,531,127,112,87,103,102,435,82,92,86,82,93,588,96,120,117,119,136,698,161,140,124,146,127,683,125,130,127,149,152,755,145,163,151,155,141,868,190,160,168,168,182,797,160,164,163,166,144,753,160,142,144,179,128,477,141,114,90,61,71,470,96,85,101,106,82,348,75,78,71,63,61,246,60,43,56,48,39,109,35,29,20,16,9,12,2,3,4,2,1,4
大內區,男,5087,107,18,25,24,18,22,106,27,21,27,14,17,138,32,23,18,28,37,243,46,38,48,49,62,278,54,62,52,59,51,288,61,66,47,57,57,242,44,51,54,43,50,315,46,75,63,62,69,406,99,78,77,79,73,371,68,72,75,75,81,439,75,94,89,98,83,528,113,92,106,109,108,436,89,88,83,94,82,399,92,73,71,94,69,232,72,51,45,29,35,221,40,42,50,56,33,182,35,49,38,33,27,113,31,21,22,22,17,40,14,13,6,5,2,2,0,0,0,2,0,1
大內區,女,4339,112,16,16,30,23,27,88,13,16,18,20,21,125,25,17,32,23,28,175,27,37,30,39,42,280,56,50,54,72,48,243,66,46,40,46,45,193,38,41,32,39,43,273,50,45,54,57,67,292,62,62,47,67,54,312,57,58,52,74,71,316,70,69,62,57,58,340,77,68,62,59,74,361,71,76,80,72,62,354,68,69,73,85,59,245,69,63,45,32,36,249,56,43,51,50,49,166,40,29,33,30,34,133,29,22,34,26,22,69,21,16,14,11,7,10,2,3,4,0,1,3
佳里區,計,59063,2159,370,396,440,494,459,2380,476,507,546,434,417,2359,444,413,511,480,511,2965,509,542,569,657,688,3597,662,663,759,748,765,4037,814,797,789,805,832,4372,878,866,857,840,931,5099,968,940,1067,1008,1116,4916,1030,1025,1017,971,873,3983,815,784,728,852,804,4401,892,833,857,899,920,4770,959,918,921,1013,959,4491,915,925,882,927,842,3484,754,764,693,739,534,1910,543,475,339,277,276,1599,327,339,320,317,296,1300,276,307,244,244,229,844,209,176,166,155,138,310,99,77,55,51,28,83,24,22,18,12,7,4
佳里區,男,29259,1138,200,207,235,260,236,1225,240,255,286,225,219,1228,230,229,253,253,263,1556,294,266,300,333,363,1888,341,350,399,403,395,2091,425,394,428,426,418,2230,455,435,432,434,474,2516,500,446,486,508,576,2419,513,510,488,478,430,1927,420,375,338,415,379,2105,408,409,425,427,436,2350,483,443,472,492,460,2205,443,455,457,424,426,1727,355,387,356,373,256,931,285,225,168,120,133,731,140,165,148,146,132,547,117,133,106,102,89,309,77,71,60,53,48,114,39,28,18,22,7,21,5,6,7,2,1,1
佳里區,女,29804,1021,170,189,205,234,223,1155,236,252,260,209,198,1131,214,184,258,227,248,1409,215,276,269,324,325,1709,321,313,360,345,370,1946,389,403,361,379,414,2142,423,431,425,406,457,2583,468,494,581,500,540,2497,517,515,529,493,443,2056,395,409,390,437,425,2296,484,424,432,472,484,2420,476,475,449,521,499,2286,472,470,425,503,416,1757,399,377,337,366,278,979,258,250,171,157,143,868,187,174,172,171,164,753,159,174,138,142,140,535,132,105,106,102,90,196,60,49,37,29,21,62,19,16,11,10,6,3
學甲區,計,25524,762,124,130,152,193,163,790,156,164,170,141,159,792,158,170,117,156,191,1146,192,208,226,253,267,1510,269,290,326,321,304,1700,341,321,309,370,359,1839,350,387,323,372,407,2137,409,431,412,453,432,1858,426,377,369,368,318,1812,348,370,343,376,375,2019,368,366,401,443,441,2409,431,470,483,555,470,2138,442,436,425,426,409,1612,333,345,330,352,252,922,275,191,155,163,138,873,154,184,185,173,177,693,161,151,131,124,126,387,98,93,82,64,50,102,34,24,23,12,9,22,7,9,4,1,1,1
學甲區,男,13067,374,59,64,73,107,71,416,84,87,83,70,92,408,80,85,69,89,85,592,104,99,118,145,126,813,144,143,183,179,164,893,175,163,170,194,191,983,202,199,177,211,194,1086,209,212,213,238,214,947,198,213,188,195,153,958,166,194,185,212,201,1057,177,205,218,234,223,1330,256,249,259,291,275,1143,244,230,235,230,204,832,163,185,176,182,126,426,133,82,78,75,58,374,63,82,77,74,78,258,63,63,48,38,46,136,32,37,27,21,19,36,11,10,9,6,0,5,1,2,2,0,0,0
學甲區,女,12457,388,65,66,79,86,92,374,72,77,87,71,67,384,78,85,48,67,106,554,88,109,108,108,141,697,125,147,143,142,140,807,166,158,139,176,168,856,148,188,146,161,213,1051,200,219,199,215,218,911,228,164,181,173,165,854,182,176,158,164,174,962,191,161,183,209,218,1079,175,221,224,264,195,995,198,206,190,196,205,780,170,160,154,170,126,496,142,109,77,88,80,499,91,102,108,99,99,435,98,88,83,86,80,251,66,56,55,43,31,66,23,14,14,6,9,17,6,7,2,1,1,1
西港區,計,24567,865,141,159,178,204,183,775,181,168,159,139,128,806,164,160,132,173,177,1152,185,170,224,279,294,1681,267,306,356,368,384,1819,353,355,384,367,360,1768,382,349,350,321,366,1988,367,405,412,400,404,1812,421,364,355,352,320,1639,299,298,333,340,369,2065,395,418,384,415,453,2202,454,453,442,433,420,1833,392,380,358,362,341,1318,278,309,277,258,196,816,221,214,136,113,132,731,147,147,150,124,163,700,147,138,128,136,151,400,104,87,80,69,60,150,57,39,24,13,17,40,16,11,6,2,5,7
西港區,男,12419,441,77,81,92,104,87,394,96,84,95,63,56,416,87,84,71,86,88,592,95,84,132,138,143,856,142,148,199,194,173,933,177,195,188,176,197,927,207,189,175,166,190,1017,188,214,202,205,208,934,220,183,172,186,173,804,140,141,167,162,194,1045,200,208,198,194,245,1196,271,238,233,216,238,954,195,190,197,191,181,704,164,152,153,132,103,384,98,105,60,57,64,345,76,67,66,58,78,279,59,62,51,47,60,151,41,38,31,22,19,41,15,14,5,3,4,3,2,0,0,1,0,3
西港區,女,12148,424,64,78,86,100,96,381,85,84,64,76,72,390,77,76,61,87,89,560,90,86,92,141,151,825,125,158,157,174,211,886,176,160,196,191,163,841,175,160,175,155,176,971,179,191,210,195,196,878,201,181,183,166,147,835,159,157,166,178,175,1020,195,210,186,221,208,1006,183,215,209,217,182,879,197,190,161,171,160,614,114,157,124,126,93,432,123,109,76,56,68,386,71,80,84,66,85,421,88,76,77,89,91,249,63,49,49,47,41,109,42,25,19,10,13,37,14,11,6,1,5,4
七股區,計,22382,538,88,120,97,104,129,510,104,100,119,92,95,1039,153,206,310,195,175,1032,163,207,191,226,245,1263,210,231,301,270,251,1369,272,280,259,284,274,1277,302,242,237,234,262,1556,271,272,345,348,320,1641,352,333,318,331,307,1705,323,322,330,335,395,2035,390,387,408,414,436,2144,461,445,433,416,389,1728,381,351,321,365,310,1213,246,253,247,274,193,870,213,190,175,152,140,847,151,176,169,170,181,830,180,184,170,149,147,492,121,108,108,93,62,224,68,56,45,26,29,57,14,10,15,8,10,12
七股區,男,11598,275,37,64,52,64,58,256,53,54,62,37,50,522,70,99,163,103,87,547,84,111,100,113,139,669,105,128,154,146,136,741,145,149,137,160,150,677,161,125,123,122,146,757,139,137,159,160,162,827,174,167,166,176,144,913,168,173,170,176,226,1149,210,216,235,242,246,1246,273,250,260,249,214,951,210,194,178,202,167,657,138,133,131,145,110,425,100,90,92,69,74,386,73,81,85,65,82,318,79,66,61,57,55,184,42,43,44,34,21,75,25,20,10,10,10,16,5,5,3,1,2,7
七股區,女,10784,263,51,56,45,40,71,254,51,46,57,55,45,517,83,107,147,92,88,485,79,96,91,113,106,594,105,103,147,124,115,628,127,131,122,124,124,600,141,117,114,112,116,799,132,135,186,188,158,814,178,166,152,155,163,792,155,149,160,159,169,886,180,171,173,172,190,898,188,195,173,167,175,777,171,157,143,163,143,556,108,120,116,129,83,445,113,100,83,83,66,461,78,95,84,105,99,512,101,118,109,92,92,308,79,65,64,59,41,149,43,36,35,16,19,41,9,5,12,7,8,5
將軍區,計,19463,503,82,104,102,105,110,467,109,93,99,79,87,423,96,70,55,83,119,804,113,160,171,175,185,1021,173,185,224,199,240,1175,223,238,251,226,237,1149,221,249,247,198,234,1445,263,281,295,296,310,1599,323,305,371,314,286,1466,302,261,278,299,326,1758,328,350,351,357,372,1812,360,366,377,368,341,1668,357,338,296,341,336,1257,246,273,261,271,206,756,214,164,122,119,137,784,160,163,170,134,157,675,150,139,135,120,131,451,115,95,83,83,75,190,67,49,32,25,17,47,14,16,6,4,7,13
將軍區,男,9908,279,45,55,59,63,57,244,63,51,52,40,38,221,55,38,30,36,62,424,48,90,100,89,97,516,93,87,108,103,125,612,107,125,125,125,130,594,120,118,123,109,124,726,129,153,141,149,154,799,160,161,182,152,144,772,156,132,152,169,163,948,161,199,190,189,209,977,211,192,201,197,176,904,195,185,163,175,186,637,130,138,138,133,98,382,115,77,61,61,68,344,65,73,73,59,74,282,67,62,49,55,49,170,50,37,31,26,26,59,28,14,7,7,3,16,4,8,2,2,0,2
將軍區,女,9555,224,37,49,43,42,53,223,46,42,47,39,49,202,41,32,25,47,57,380,65,70,71,86,88,505,80,98,116,96,115,563,116,113,126,101,107,555,101,131,124,89,110,719,134,128,154,147,156,800,163,144,189,162,142,694,146,129,126,130,163,810,167,151,161,168,163,835,149,174,176,171,165,764,162,153,133,166,150,620,116,135,123,138,108,374,99,87,61,58,69,440,95,90,97,75,83,393,83,77,86,65,82,281,65,58,52,57,49,131,39,35,25,18,14,31,10,8,4,2,7,11
北門區,計,10879,275,55,60,58,50,52,261,42,48,71,48,52,276,50,44,47,69,66,464,91,84,90,89,110,532,112,91,101,102,126,635,116,126,136,120,137,670,117,132,111,157,153,878,171,154,176,189,188,873,163,178,170,189,173,909,175,181,155,181,217,1066,171,208,217,220,250,1080,206,216,221,222,215,886,223,181,161,170,151,714,158,191,123,149,93,400,126,85,73,51,65,416,99,76,84,78,79,345,87,68,63,57,70,138,33,28,33,19,25,47,16,5,12,8,6,14,8,1,2,3,0,0
北門區,男,5469,136,25,29,28,26,28,133,24,21,38,22,28,154,29,23,29,39,34,235,43,51,45,51,45,258,60,40,51,49,58,336,57,68,74,54,83,349,68,65,70,70,76,434,90,68,80,99,97,413,72,91,92,80,78,487,78,99,87,101,122,591,90,123,111,131,136,595,125,131,114,112,113,468,116,99,96,90,67,337,73,91,57,75,41,176,50,32,39,27,28,159,35,28,29,35,32,125,37,26,20,21,21,60,14,12,14,7,13,18,6,2,7,0,3,5,3,1,0,1,0,0
北門區,女,5410,139,30,31,30,24,24,128,18,27,33,26,24,122,21,21,18,30,32,229,48,33,45,38,65,274,52,51,50,53,68,299,59,58,62,66,54,321,49,67,41,87,77,444,81,86,96,90,91,460,91,87,78,109,95,422,97,82,68,80,95,475,81,85,106,89,114,485,81,85,107,110,102,418,107,82,65,80,84,377,85,100,66,74,52,224,76,53,34,24,37,257,64,48,55,43,47,220,50,42,43,36,49,78,19,16,19,12,12,29,10,3,5,8,3,9,5,0,2,2,0,0
新化區,計,43314,1542,261,262,339,352,328,1658,370,353,365,294,276,1597,301,284,306,340,366,2236,335,401,418,525,557,2911,513,531,638,617,612,2996,603,615,578,568,632,2964,600,602,565,572,625,3495,653,702,671,748,721,3325,694,681,672,661,617,3054,591,569,603,592,699,3333,653,664,647,673,696,3671,739,733,752,737,710,3265,686,651,673,623,632,2647,561,539,586,532,429,1529,407,389,268,225,240,1303,279,265,249,257,253,926,192,180,201,166,187,604,170,128,114,92,100,218,59,61,41,32,25,34,13,10,4,3,4,6
新化區,男,22037,816,143,137,185,179,172,896,200,193,204,153,146,838,151,159,157,180,191,1202,176,226,212,282,306,1509,272,288,331,308,310,1566,304,324,300,296,342,1585,325,309,294,314,343,1770,319,361,334,394,362,1714,361,356,347,346,304,1533,307,286,305,276,359,1649,345,333,302,328,341,1835,350,376,372,386,351,1661,378,316,334,316,317,1336,294,288,285,269,200,734,212,182,129,98,113,602,132,124,100,127,119,432,96,81,89,79,87,246,64,55,46,40,41,99,29,31,14,14,11,13,3,6,0,2,2,1
新化區,女,21277,726,118,125,154,173,156,762,170,160,161,141,130,759,150,125,149,160,175,1034,159,175,206,243,251,1402,241,243,307,309,302,1430,299,291,278,272,290,1379,275,293,271,258,282,1725,334,341,337,354,359,1611,333,325,325,315,313,1521,284,283,298,316,340,1684,308,331,345,345,355,1836,389,357,380,351,359,1604,308,335,339,307,315,1311,267,251,301,263,229,795,195,207,139,127,127,701,147,141,149,130,134,494,96,99,112,87,100,358,106,73,68,52,59,119,30,30,27,18,14,21,10,4,4,1,2,5
善化區,計,49872,2655,406,478,531,591,649,2715,604,604,604,477,426,2337,478,492,432,488,447,2420,413,459,491,517,540,2795,503,507,594,597,594,3173,596,635,625,655,662,3786,695,745,700,791,855,4827,951,903,973,1054,946,4451,965,949,924,845,768,3379,688,680,671,692,648,3362,710,661,659,678,654,3491,673,717,690,696,715,3103,670,629,598,599,607,2485,508,525,496,542,414,1522,455,359,284,221,203,1290,276,245,257,269,243,1067,238,219,227,177,206,687,170,135,128,131,123,270,97,70,45,32,26,49,22,11,8,2,6,8
善化區,男,25071,1359,210,247,266,318,318,1411,324,298,324,242,223,1193,236,256,230,230,241,1223,202,225,264,252,280,1445,250,267,310,314,304,1584,294,323,326,326,315,1960,367,368,386,402,437,2403,490,466,475,515,457,2273,477,478,503,421,394,1684,346,326,321,361,330,1680,332,333,333,337,345,1826,351,383,364,353,375,1603,352,322,326,305,298,1249,261,272,242,273,201,724,223,173,126,97,105,602,134,117,114,122,115,465,109,94,86,86,90,266,62,47,48,52,57,101,35,32,14,11,9,19,11,3,4,0,1,1
善化區,女,24801,1296,196,231,265,273,331,1304,280,306,280,235,203,1144,242,236,202,258,206,1197,211,234,227,265,260,1350,253,240,284,283,290,1589,302,312,299,329,347,1826,328,377,314,389,418,2424,461,437,498,539,489,2178,488,471,421,424,374,1695,342,354,350,331,318,1682,378,328,326,341,309,1665,322,334,326,343,340,1500,318,307,272,294,309,1236,247,253,254,269,213,798,232,186,158,124,98,688,142,128,143,147,128,602,129,125,141,91,116,421,108,88,80,79,66,169,62,38,31,21,17,30,11,8,4,2,5,7
新市區,計,37208,1771,286,329,356,412,388,1887,412,413,435,332,295,1690,355,375,321,321,318,1901,329,336,386,391,459,2329,410,441,493,470,515,2685,549,518,502,528,588,2915,615,576,564,541,619,3605,653,715,738,738,761,3215,700,714,645,618,538,2505,496,472,469,548,520,2699,490,559,526,546,578,2725,546,549,581,554,495,2494,524,515,486,505,464,1851,403,408,383,380,277,1039,289,291,171,134,154,797,177,168,149,159,144,595,129,124,136,96,110,362,101,83,58,66,54,118,33,35,21,18,11,24,7,4,4,7,2,1
新市區,男,18587,876,152,170,170,192,192,973,220,208,221,176,148,854,183,191,165,153,162,972,178,173,179,210,232,1183,199,223,262,239,260,1354,295,267,249,261,282,1513,324,296,298,299,296,1805,340,354,361,375,375,1637,366,392,338,304,237,1239,260,229,232,260,258,1310,236,252,273,271,278,1339,282,264,284,275,234,1241,264,249,224,260,244,936,209,194,190,198,145,531,152,158,87,60,74,373,86,71,64,80,72,257,48,57,59,49,44,146,44,35,21,29,17,41,12,12,6,6,5,7,2,2,0,2,1,0
新市區,女,18621,895,134,159,186,220,196,914,192,205,214,156,147,836,172,184,156,168,156,929,151,163,207,181,227,1146,211,218,231,231,255,1331,254,251,253,267,306,1402,291,280,266,242,323,1800,313,361,377,363,386,1578,334,322,307,314,301,1266,236,243,237,288,262,1389,254,307,253,275,300,1386,264,285,297,279,261,1253,260,266,262,245,220,915,194,214,193,182,132,508,137,133,84,74,80,424,91,97,85,79,72,338,81,67,77,47,66,216,57,48,37,37,37,77,21,23,15,12,6,17,5,2,4,5,1,1
安定區,計,30454,1203,213,217,270,270,233,1068,221,232,252,198,165,1116,225,200,203,237,251,1620,255,292,325,349,399,1920,337,376,398,416,393,2125,414,426,429,425,431,2254,441,462,432,455,464,2657,503,498,545,547,564,2450,531,488,528,486,417,2199,440,442,434,419,464,2423,450,500,453,537,483,2615,515,567,511,527,495,2184,460,455,422,447,400,1646,360,322,339,400,225,826,226,193,133,130,144,858,179,187,154,179,159,694,160,134,140,111,149,406,112,87,83,69,55,153,51,40,28,17,17,34,15,5,9,4,1,3
安定區,男,15655,643,107,110,146,157,123,525,93,117,126,101,88,607,122,111,106,135,133,829,141,141,162,171,214,995,175,199,198,222,201,1128,225,226,224,225,228,1181,220,247,233,231,250,1389,264,268,283,289,285,1247,257,265,273,259,193,1117,216,227,228,200,246,1305,257,274,236,288,250,1371,271,300,255,281,264,1169,243,239,239,241,207,847,180,174,178,211,104,388,115,88,60,62,63,412,86,90,74,91,71,289,61,63,65,41,59,147,40,35,24,29,19,52,19,12,11,5,5,13,6,1,4,1,1,1
安定區,女,14799,560,106,107,124,113,110,543,128,115,126,97,77,509,103,89,97,102,118,791,114,151,163,178,185,925,162,177,200,194,192,997,189,200,205,200,203,1073,221,215,199,224,214,1268,239,230,262,258,279,1203,274,223,255,227,224,1082,224,215,206,219,218,1118,193,226,217,249,233,1244,244,267,256,246,231,1015,217,216,183,206,193,799,180,148,161,189,121,438,111,105,73,68,81,446,93,97,80,88,88,405,99,71,75,70,90,259,72,52,59,40,36,101,32,28,17,12,12,21,9,4,5,3,0,2
山上區,計,7204,239,32,54,59,48,46,155,31,27,42,29,26,161,41,32,23,29,36,355,48,65,61,88,93,470,86,100,93,102,89,526,104,125,92,104,101,438,93,83,93,89,80,511,91,99,114,114,93,505,93,113,99,112,88,483,87,84,100,92,120,627,132,116,134,124,121,656,127,139,130,124,136,550,117,119,100,114,100,432,100,81,89,99,63,296,88,81,47,32,48,278,58,57,50,62,51,268,42,56,57,58,55,181,51,41,37,29,23,62,13,18,15,7,9,10,3,5,1,0,1,1
山上區,男,3774,110,13,22,34,20,21,80,20,7,22,17,14,82,16,19,12,17,18,192,27,35,29,50,51,260,50,53,54,47,56,259,56,51,50,49,53,249,55,45,56,45,48,279,48,49,75,61,46,255,48,66,54,55,32,240,48,37,50,46,59,348,70,63,72,71,72,379,73,75,70,74,87,313,72,77,46,67,51,230,57,41,40,57,35,137,43,41,23,13,17,137,30,25,27,30,25,126,19,27,31,26,23,77,20,18,18,13,8,17,5,6,3,1,2,4,1,2,0,0,1,0
山上區,女,3430,129,19,32,25,28,25,75,11,20,20,12,12,79,25,13,11,12,18,163,21,30,32,38,42,210,36,47,39,55,33,267,48,74,42,55,48,189,38,38,37,44,32,232,43,50,39,53,47,250,45,47,45,57,56,243,39,47,50,46,61,279,62,53,62,53,49,277,54,64,60,50,49,237,45,42,54,47,49,202,43,40,49,42,28,159,45,40,24,19,31,141,28,32,23,32,26,142,23,29,26,32,32,104,31,23,19,16,15,45,8,12,12,6,7,6,2,3,1,0,0,1
玉井區,計,13835,363,69,73,77,81,63,374,83,91,74,73,53,472,99,78,80,111,104,653,106,114,130,143,160,808,151,144,170,172,171,841,174,166,155,172,174,812,153,182,166,138,173,923,191,195,174,193,170,893,215,181,177,172,148,850,158,154,171,195,172,1166,226,197,249,250,244,1344,261,262,248,302,271,1211,261,245,236,230,239,935,225,206,171,179,154,637,167,157,140,74,99,590,135,107,118,119,111,500,98,113,101,94,94,337,85,74,62,59,57,110,23,32,19,26,10,15,5,3,1,5,1,1
玉井區,男,7150,183,30,41,41,42,29,198,43,46,44,36,29,247,54,42,47,55,49,334,62,56,67,67,82,419,82,77,91,88,81,461,96,84,87,91,103,433,81,105,90,64,93,470,107,98,94,96,75,470,110,90,96,102,72,467,86,95,81,104,101,636,119,98,137,139,143,729,133,147,151,158,140,638,145,123,136,124,110,493,116,117,83,103,74,304,82,87,63,35,37,265,58,45,62,47,53,226,52,52,43,39,40,131,37,32,26,19,17,41,10,10,8,9,4,5,1,2,0,2,0,0
玉井區,女,6685,180,39,32,36,39,34,176,40,45,30,37,24,225,45,36,33,56,55,319,44,58,63,76,78,389,69,67,79,84,90,380,78,82,68,81,71,379,72,77,76,74,80,453,84,97,80,97,95,423,105,91,81,70,76,383,72,59,90,91,71,530,107,99,112,111,101,615,128,115,97,144,131,573,116,122,100,106,129,442,109,89,88,76,80,333,85,70,77,39,62,325,77,62,56,72,58,274,46,61,58,55,54,206,48,42,36,40,40,69,13,22,11,17,6,10,4,1,1,3,1,1
楠西區,計,9353,218,34,51,40,50,43,243,56,32,69,52,34,264,53,55,47,48,61,435,70,73,72,104,116,493,89,94,112,112,86,530,117,98,109,101,105,585,100,118,92,135,140,597,123,129,115,122,108,592,107,134,143,108,100,656,110,128,128,142,148,793,156,145,144,176,172,915,195,164,200,179,177,839,189,160,163,154,173,663,131,128,135,154,115,458,113,131,75,71,68,419,80,90,73,91,85,369,85,75,65,69,75,198,56,39,37,45,21,70,20,15,17,12,6,14,7,4,1,1,1,2
楠西區,男,4933,114,17,25,22,26,24,138,34,14,37,35,18,142,32,33,24,24,29,230,37,45,38,51,59,243,49,50,58,53,33,282,58,56,58,54,56,328,58,67,57,64,82,307,56,69,68,62,52,298,55,64,76,58,45,384,67,69,79,83,86,445,77,91,83,100,94,534,113,97,114,100,110,463,112,95,81,84,91,346,79,63,66,73,65,230,59,66,36,37,32,178,30,38,29,43,38,153,33,30,29,27,34,79,21,16,15,19,8,33,10,8,8,5,2,6,4,1,1,0,0,0
楠西區,女,4420,104,17,26,18,24,19,105,22,18,32,17,16,122,21,22,23,24,32,205,33,28,34,53,57,250,40,44,54,59,53,248,59,42,51,47,49,257,42,51,35,71,58,290,67,60,47,60,56,294,52,70,67,50,55,272,43,59,49,59,62,348,79,54,61,76,78,381,82,67,86,79,67,376,77,65,82,70,82,317,52,65,69,81,50,228,54,65,39,34,36,241,50,52,44,48,47,216,52,45,36,42,41,119,35,23,22,26,13,37,10,7,9,7,4,8,3,3,0,1,1,2
南化區,計,8599,281,47,64,50,58,62,220,47,48,38,40,47,235,56,51,36,45,47,348,42,51,62,90,103,494,92,99,96,108,99,576,113,114,119,117,113,503,122,99,88,97,97,563,98,131,108,106,120,610,120,125,118,124,123,545,118,104,91,113,119,703,135,117,132,151,168,800,165,142,161,172,160,730,143,143,135,173,136,646,151,112,128,144,111,413,124,84,79,63,63,350,80,68,75,67,60,294,52,51,71,61,59,203,51,47,40,34,31,77,25,26,14,7,5,7,0,3,2,1,1,1
南化區,男,4630,126,22,30,19,25,30,128,30,24,22,27,25,117,24,27,18,25,23,193,27,30,30,46,60,276,56,56,51,59,54,299,58,58,69,56,58,265,61,53,47,50,54,289,56,63,56,46,68,333,65,66,61,66,75,315,67,59,53,73,63,417,82,63,84,86,102,467,89,81,90,118,89,394,87,76,72,90,69,348,82,56,74,74,62,228,68,41,50,37,32,175,45,37,35,32,26,132,22,17,37,27,29,95,26,22,20,15,12,29,11,9,6,2,1,4,0,2,2,0,0,0
南化區,女,3969,155,25,34,31,33,32,92,17,24,16,13,22,118,32,24,18,20,24,155,15,21,32,44,43,218,36,43,45,49,45,277,55,56,50,61,55,238,61,46,41,47,43,274,42,68,52,60,52,277,55,59,57,58,48,230,51,45,38,40,56,286,53,54,48,65,66,333,76,61,71,54,71,336,56,67,63,83,67,298,69,56,54,70,49,185,56,43,29,26,31,175,35,31,40,35,34,162,30,34,34,34,30,108,25,25,20,19,19,48,14,17,8,5,4,3,0,1,0,1,1,1
左鎮區,計,4699,79,18,12,17,15,17,87,23,11,15,14,24,121,24,21,25,20,31,144,21,26,22,30,45,210,40,40,40,47,43,227,62,43,49,34,39,212,51,36,37,31,57,255,50,43,61,42,59,267,60,44,58,50,55,316,58,60,51,75,72,441,77,93,83,85,103,544,108,109,113,116,98,475,101,85,95,104,90,375,74,60,92,91,58,222,64,57,39,25,37,264,54,47,45,60,58,229,48,39,48,44,50,163,45,39,31,20,28,61,18,12,17,9,5,7,1,2,1,3,0,0
左鎮區,男,2650,42,12,9,7,6,8,53,15,7,10,8,13,63,9,15,15,9,15,77,7,16,13,18,23,106,20,16,18,27,25,124,34,20,27,19,24,124,30,19,24,13,38,146,24,22,35,31,34,159,39,29,30,32,29,175,34,33,27,40,41,266,46,53,51,51,65,350,68,78,69,75,60,287,63,52,56,57,59,217,45,40,50,50,32,119,36,33,21,6,23,123,29,21,16,32,25,122,31,22,24,23,22,66,15,20,11,10,10,29,10,6,9,3,1,2,0,1,0,1,0,0
左鎮區,女,2049,37,6,3,10,9,9,34,8,4,5,6,11,58,15,6,10,11,16,67,14,10,9,12,22,104,20,24,22,20,18,103,28,23,22,15,15,88,21,17,13,18,19,109,26,21,26,11,25,108,21,15,28,18,26,141,24,27,24,35,31,175,31,40,32,34,38,194,40,31,44,41,38,188,38,33,39,47,31,158,29,20,42,41,26,103,28,24,18,19,14,141,25,26,29,28,33,107,17,17,24,21,28,97,30,19,20,10,18,32,8,6,8,6,4,5,1,1,1,2,0,0
仁德區,計,76041,3290,534,601,707,694,754,2904,640,613,640,504,507,2794,577,543,541,550,583,3705,625,656,707,839,878,4674,806,819,992,1010,1047,5232,995,1064,1011,1082,1080,5534,1076,1105,1050,1052,1251,7145,1312,1391,1506,1450,1486,6824,1407,1381,1451,1408,1177,5815,1185,1145,1153,1150,1182,5672,1130,1108,1139,1129,1166,5971,1116,1191,1266,1185,1213,5528,1184,1086,1061,1114,1083,4519,1023,941,955,893,707,2527,684,617,482,388,356,1713,424,364,327,322,276,1210,269,271,246,206,218,651,162,144,131,113,101,276,80,70,46,40,40,53,23,11,9,6,4,4
仁德區,男,38414,1741,265,333,379,364,400,1476,319,313,326,266,252,1485,289,290,297,303,306,1975,338,338,378,450,471,2487,429,456,551,526,525,2727,503,526,515,606,577,2843,590,582,523,522,626,3692,663,716,768,764,781,3569,749,715,744,750,611,2921,591,578,579,589,584,2816,568,541,561,551,595,2822,514,564,589,575,580,2693,569,545,510,550,519,2233,514,465,472,441,341,1195,336,281,235,195,148,793,216,159,144,143,131,526,116,111,110,97,92,279,57,57,57,58,50,121,29,36,20,13,23,18,7,4,4,1,2,2
仁德區,女,37627,1549,269,268,328,330,354,1428,321,300,314,238,255,1309,288,253,244,247,277,1730,287,318,329,389,407,2187,377,363,441,484,522,2505,492,538,496,476,503,2691,486,523,527,530,625,3453,649,675,738,686,705,3255,658,666,707,658,566,2894,594,567,574,561,598,2856,562,567,578,578,571,3149,602,627,677,610,633,2835,615,541,551,564,564,2286,509,476,483,452,366,1332,348,336,247,193,208,920,208,205,183,179,145,684,153,160,136,109,126,372,105,87,74,55,51,155,51,34,26,27,17,35,16,7,5,5,2,2
歸仁區,計,68112,2896,457,524,601,651,663,2914,642,640,649,496,487,2970,556,582,621,565,646,3551,591,678,691,765,826,4565,820,797,977,952,1019,4933,950,1005,954,1032,992,5085,1026,1034,961,956,1108,6141,1128,1192,1238,1301,1282,5697,1226,1148,1201,1157,965,4759,971,909,957,935,987,5100,1010,992,1016,1032,1050,5544,1100,1093,1086,1139,1126,4956,1074,1023,944,1028,887,3730,871,805,761,744,549,1967,588,483,356,292,248,1372,303,279,264,260,266,1013,232,207,205,186,183,625,150,138,122,112,103,240,67,59,41,43,30,48,12,14,7,9,6,6
歸仁區,男,34486,1489,239,262,295,370,323,1538,341,321,350,271,255,1566,285,298,334,304,345,1920,330,368,396,400,426,2414,431,419,517,505,542,2591,492,538,478,550,533,2641,537,524,522,501,557,3111,563,600,617,667,664,2945,647,626,604,584,484,2371,502,458,453,459,499,2431,489,481,463,488,510,2720,536,535,559,563,527,2430,548,498,458,508,418,1881,443,399,393,373,273,997,299,249,180,141,128,630,139,132,114,132,113,431,91,99,84,85,72,266,64,58,57,41,46,96,35,19,14,18,10,14,5,4,1,1,3,4
歸仁區,女,33626,1407,218,262,306,281,340,1376,301,319,299,225,232,1404,271,284,287,261,301,1631,261,310,295,365,400,2151,389,378,460,447,477,2342,458,467,476,482,459,2444,489,510,439,455,551,3030,565,592,621,634,618,2752,579,522,597,573,481,2388,469,451,504,476,488,2669,521,511,553,544,540,2824,564,558,527,576,599,2526,526,525,486,520,469,1849,428,406,368,371,276,970,289,234,176,151,120,742,164,147,150,128,153,582,141,108,121,101,111,359,86,80,65,71,57,144,32,40,27,25,20,34,7,10,6,8,3,2
關廟區,計,34225,1171,188,236,260,238,249,1060,230,245,232,180,173,1083,220,208,192,201,262,1699,254,319,339,417,370,2134,397,413,426,461,437,2274,457,432,443,473,469,2336,485,449,472,456,474,2757,486,576,552,598,545,2658,545,555,526,528,504,2439,485,462,483,479,530,2591,543,470,495,518,565,2892,513,565,617,596,601,2814,615,513,576,574,536,2214,495,487,436,450,346,1293,369,313,242,193,176,1160,257,220,231,234,218,900,189,194,167,180,170,531,132,116,112,91,80,182,60,47,31,24,20,35,15,8,7,3,2,2
關廟區,男,17611,582,94,121,139,112,116,571,127,125,115,102,102,551,121,105,95,98,132,886,133,170,177,197,209,1084,220,196,212,229,227,1187,232,222,238,252,243,1227,261,239,253,236,238,1480,257,304,300,312,307,1428,292,294,287,280,275,1280,250,238,240,258,294,1362,299,216,268,284,295,1503,271,285,311,318,318,1454,321,277,301,285,270,1091,238,243,227,217,166,644,194,159,115,95,81,583,133,106,121,112,111,403,77,101,73,75,77,214,55,53,48,29,29,72,24,18,17,7,6,9,6,0,2,0,1,0
關廟區,女,16614,589,94,115,121,126,133,489,103,120,117,78,71,532,99,103,97,103,130,813,121,149,162,220,161,1050,177,217,214,232,210,1087,225,210,205,221,226,1109,224,210,219,220,236,1277,229,272,252,286,238,1230,253,261,239,248,229,1159,235,224,243,221,236,1229,244,254,227,234,270,1389,242,280,306,278,283,1360,294,236,275,289,266,1123,257,244,209,233,180,649,175,154,127,98,95,577,124,114,110,122,107,497,112,93,94,105,93,317,77,63,64,62,51,110,36,29,14,17,14,26,9,8,5,3,1,2
龍崎區,計,3934,68,12,14,10,18,14,77,19,17,13,17,11,60,15,13,6,14,12,131,18,21,25,26,41,163,33,31,35,22,42,190,36,38,39,36,41,211,43,41,42,45,40,273,51,61,54,52,55,230,48,55,44,33,50,240,36,50,49,52,53,399,71,70,73,90,95,434,83,82,82,105,82,407,79,82,80,77,89,304,63,57,52,78,54,186,54,39,24,33,36,178,34,26,42,37,39,195,39,37,43,41,35,128,37,22,18,27,24,54,13,23,7,7,4,5,1,2,1,0,1,1
龍崎區,男,2110,28,5,7,3,10,3,40,9,10,9,9,3,27,6,8,3,4,6,75,13,11,14,14,23,83,17,13,23,4,26,103,19,18,18,23,25,119,22,25,21,29,22,131,28,28,29,23,23,130,32,33,17,20,28,125,19,28,26,24,28,229,41,37,44,51,56,267,48,45,47,70,57,247,50,57,47,47,46,177,40,31,33,44,29,95,35,19,12,17,12,78,16,12,17,17,16,95,21,17,15,22,20,41,9,6,8,9,9,18,3,11,3,0,1,2,0,1,0,0,1,0
龍崎區,女,1824,40,7,7,7,8,11,37,10,7,4,8,8,33,9,5,3,10,6,56,5,10,11,12,18,80,16,18,12,18,16,87,17,20,21,13,16,92,21,16,21,16,18,142,23,33,25,29,32,100,16,22,27,13,22,115,17,22,23,28,25,170,30,33,29,39,39,167,35,37,35,35,25,160,29,25,33,30,43,127,23,26,19,34,25,91,19,20,12,16,24,100,18,14,25,20,23,100,18,20,28,19,15,87,28,16,10,18,15,36,10,12,4,7,3,3,1,1,1,0,0,1
永康區,計,235667,10940,1712,1996,2239,2442,2551,11278,2360,2434,2614,2052,1818,10011,2031,2042,1864,1974,2100,12370,2155,2175,2354,2754,2932,15569,2784,2938,3216,3336,3295,16849,3342,3363,3344,3316,3484,17894,3459,3587,3506,3417,3925,22580,4170,4357,4610,4763,4680,21465,4666,4504,4221,4274,3800,18381,3597,3628,3652,3662,3842,18577,3648,3744,3661,3797,3727,18516,3727,3882,3783,3606,3518,15627,3458,3159,2950,3141,2919,11258,2654,2385,2304,2199,1716,5809,1665,1450,1095,819,780,3989,949,900,738,731,671,2401,652,511,463,374,401,1387,304,282,262,274,265,638,176,193,111,91,67,116,43,23,28,15,7,12
永康區,男,115814,5729,885,1033,1167,1322,1322,5907,1239,1259,1356,1065,988,5254,1055,1072,967,1082,1078,6436,1078,1130,1242,1458,1528,8203,1434,1584,1723,1754,1708,8675,1748,1691,1748,1694,1794,9047,1745,1822,1812,1704,1964,11119,2053,2174,2238,2360,2294,10721,2405,2313,2030,2134,1839,8777,1754,1739,1765,1731,1788,8667,1721,1799,1664,1748,1735,8498,1733,1775,1754,1627,1609,7341,1589,1482,1399,1518,1353,5280,1274,1123,1096,1004,783,2531,734,647,487,334,329,1576,379,377,282,277,261,911,254,197,171,139,150,688,126,131,129,148,154,387,106,119,72,53,37,59,20,11,15,9,4,8
永康區,女,119853,5211,827,963,1072,1120,1229,5371,1121,1175,1258,987,830,4757,976,970,897,892,1022,5934,1077,1045,1112,1296,1404,7366,1350,1354,1493,1582,1587,8174,1594,1672,1596,1622,1690,8847,1714,1765,1694,1713,1961,11461,2117,2183,2372,2403,2386,10744,2261,2191,2191,2140,1961,9604,1843,1889,1887,1931,2054,9910,1927,1945,1997,2049,1992,10018,1994,2107,2029,1979,1909,8286,1869,1677,1551,1623,1566,5978,1380,1262,1208,1195,933,3278,931,803,608,485,451,2413,570,523,456,454,410,1490,398,314,292,235,251,699,178,151,133,126,111,251,70,74,39,38,30,57,23,12,13,6,3,4
東區,計,185967,6671,924,1156,1307,1569,1715,8972,1708,1937,1972,1737,1618,10474,1976,2210,2355,1995,1938,10366,1840,1956,1963,2221,2386,12297,2233,2318,2664,2469,2613,12129,2529,2557,2375,2335,2333,11462,2272,2302,2203,2106,2579,14408,2644,2681,2993,3041,3049,15209,3050,3070,3075,3131,2883,14804,2820,2932,2905,2979,3168,15174,3098,3148,2934,3025,2969,14414,2963,3000,2881,2888,2682,12970,2760,2578,2580,2551,2501,10587,2250,2274,2154,2178,1731,6148,1755,1489,1145,856,903,4449,979,909,897,846,818,2846,694,591,586,477,498,1653,411,330,334,313,265,758,190,159,157,153,99,155,53,42,20,27,13,21
東區,男,88984,3388,469,588,622,815,894,4656,861,1011,1023,916,845,5475,1025,1158,1251,1049,992,5434,965,1035,1006,1171,1257,6360,1181,1185,1405,1280,1309,6189,1273,1301,1225,1199,1191,5685,1165,1186,1095,976,1263,6758,1246,1262,1398,1408,1444,6927,1456,1396,1394,1407,1274,6626,1316,1287,1278,1310,1435,6955,1397,1433,1344,1428,1353,6573,1364,1350,1277,1344,1238,5994,1281,1194,1181,1148,1190,4920,1061,1065,971,1004,819,2810,788,687,536,387,412,1893,415,412,390,334,342,1159,263,245,241,198,212,731,186,133,150,144,118,375,86,73,79,85,52,63,18,16,7,15,7,13
東區,女,96983,3283,455,568,685,754,821,4316,847,926,949,821,773,4999,951,1052,1104,946,946,4932,875,921,957,1050,1129,5937,1052,1133,1259,1189,1304,5940,1256,1256,1150,1136,1142,5777,1107,1116,1108,1130,1316,7650,1398,1419,1595,1633,1605,8282,1594,1674,1681,1724,1609,8178,1504,1645,1627,1669,1733,8219,1701,1715,1590,1597,1616,7841,1599,1650,1604,1544,1444,6976,1479,1384,1399,1403,1311,5667,1189,1209,1183,1174,912,3338,967,802,609,469,491,2556,564,497,507,512,476,1687,431,346,345,279,286,922,225,197,184,169,147,383,104,86,78,68,47,92,35,26,13,12,6,8
南區,計,124807,4410,680,832,918,983,997,4034,855,860,917,777,625,4040,740,752,793,866,889,5641,976,1014,1031,1264,1356,7295,1314,1310,1518,1589,1564,8686,1664,1683,1663,1839,1837,9435,1895,1920,1757,1875,1988,11149,2105,2302,2279,2261,2202,10137,2146,2108,2050,2032,1801,8921,1784,1693,1795,1841,1808,9544,1878,1853,1898,1984,1931,10320,1990,2048,2087,2130,2065,10058,2072,2053,2002,2024,1907,8336,1794,1733,1778,1652,1379,4732,1277,1106,944,686,719,3747,820,795,759,735,638,2422,573,515,494,434,406,1224,317,267,229,218,193,537,149,139,105,85,59,126,53,34,19,15,5,13
南區,男,61578,2280,352,416,451,526,535,2065,424,414,496,410,321,2066,369,386,410,445,456,2846,477,511,561,640,657,3743,659,687,773,841,783,4529,880,862,898,948,941,4791,951,992,870,976,1002,5778,1100,1204,1186,1160,1128,5168,1133,1071,1032,1041,891,4462,906,815,919,906,916,4617,917,896,959,960,885,4880,956,951,1002,998,973,4810,982,970,966,975,917,3942,840,826,837,776,663,2130,618,501,389,320,302,1649,353,350,350,313,283,1009,246,214,207,180,162,523,127,116,102,96,82,225,61,62,47,35,20,60,29,11,10,7,3,5
南區,女,63229,2130,328,416,467,457,462,1969,431,446,421,367,304,1974,371,366,383,421,433,2795,499,503,470,624,699,3552,655,623,745,748,781,4157,784,821,765,891,896,4644,944,928,887,899,986,5371,1005,1098,1093,1101,1074,4969,1013,1037,1018,991,910,4459,878,878,876,935,892,4927,961,957,939,1024,1046,5440,1034,1097,1085,1132,1092,5248,1090,1083,1036,1049,990,4394,954,907,941,876,716,2602,659,605,555,366,417,2098,467,445,409,422,355,1413,327,301,287,254,244,701,190,151,127,122,111,312,88,77,58,50,39,66,24,23,9,8,2,8
北區,計,131632,5378,810,961,1081,1255,1271,5753,1246,1227,1248,1058,974,5544,1126,1006,1115,1163,1134,6620,1206,1205,1282,1467,1460,7674,1433,1394,1683,1571,1593,8214,1644,1638,1556,1654,1722,8926,1739,1778,1690,1727,1992,11183,2021,2168,2303,2399,2292,11795,2396,2333,2417,2468,2181,10794,2151,2128,2123,2103,2289,10194,2106,2088,2011,2029,1960,10023,1977,2003,2074,2050,1919,9213,1985,1834,1666,1937,1791,7686,1673,1606,1570,1585,1252,4603,1236,1105,890,662,710,3562,787,752,690,698,635,2337,577,508,441,418,393,1355,308,289,289,248,221,603,181,150,96,103,73,161,63,42,25,15,16,14
北區,男,63857,2807,435,493,539,672,668,2933,621,600,664,556,492,2834,568,525,565,582,594,3399,632,630,652,730,755,3943,747,719,863,767,847,4232,834,828,821,844,905,4463,861,908,867,867,960,5403,944,1050,1100,1194,1115,5760,1164,1160,1218,1182,1036,5147,1009,1012,1036,999,1091,4916,1048,1000,964,962,942,4750,949,943,996,980,882,4349,917,872,791,910,859,3526,769,715,731,728,583,2040,560,505,381,280,314,1507,335,313,304,310,245,910,242,191,160,164,153,580,123,113,126,124,94,273,100,61,48,37,27,78,31,20,14,7,6,7
北區,女,67775,2571,375,468,542,583,603,2820,625,627,584,502,482,2710,558,481,550,581,540,3221,574,575,630,737,705,3731,686,675,820,804,746,3982,810,810,735,810,817,4463,878,870,823,860,1032,5780,1077,1118,1203,1205,1177,6035,1232,1173,1199,1286,1145,5647,1142,1116,1087,1104,1198,5278,1058,1088,1047,1067,1018,5273,1028,1060,1078,1070,1037,4864,1068,962,875,1027,932,4160,904,891,839,857,669,2563,676,600,509,382,396,2055,452,439,386,388,390,1427,335,317,281,254,240,775,185,176,163,124,127,330,81,89,48,66,46,83,32,22,11,8,10,7
安南區,計,194065,9221,1509,1703,1922,1963,2124,9513,1993,1973,2214,1731,1602,8643,1720,1763,1649,1755,1756,10220,1825,1892,1972,2132,2399,12415,2181,2314,2617,2664,2639,13862,2700,2726,2737,2804,2895,15304,2905,3015,2916,2998,3470,19216,3584,3818,4005,3944,3865,17905,3988,3681,3619,3537,3080,13902,2931,2901,2702,2651,2717,14036,2857,2830,2706,2811,2832,14780,2950,3034,2974,2986,2836,13214,2845,2656,2436,2771,2506,9544,2100,2058,1934,2079,1373,4750,1416,1170,859,614,691,3422,782,701,668,646,625,2338,543,513,453,426,403,1246,302,295,240,215,194,434,122,124,88,55,45,87,39,13,20,7,8,13
安南區,男,97742,4800,802,876,992,1028,1102,4896,1000,983,1155,927,831,4461,868,894,812,924,963,5385,929,1052,1027,1111,1266,6407,1151,1211,1347,1352,1346,7235,1402,1437,1426,1449,1521,7802,1496,1539,1463,1544,1760,9695,1799,1957,2004,1987,1948,9234,2049,1904,1857,1812,1612,7032,1529,1460,1355,1344,1344,6951,1458,1383,1389,1367,1354,7197,1405,1502,1481,1440,1369,6518,1387,1288,1213,1389,1241,4709,1027,1032,942,1033,675,2350,726,564,398,304,358,1581,353,336,320,302,270,889,204,205,183,137,160,427,96,99,83,75,74,146,45,41,35,12,13,25,15,4,2,1,3,2
安南區,女,96323,4421,707,827,930,935,1022,4617,993,990,1059,804,771,4182,852,869,837,831,793,4835,896,840,945,1021,1133,6008,1030,1103,1270,1312,1293,6627,1298,1289,1311,1355,1374,7502,1409,1476,1453,1454,1710,9521,1785,1861,2001,1957,1917,8671,1939,1777,1762,1725,1468,6870,1402,1441,1347,1307,1373,7085,1399,1447,1317,1444,1478,7583,1545,1532,1493,1546,1467,6696,1458,1368,1223,1382,1265,4835,1073,1026,992,1046,698,2400,690,606,461,310,333,1841,429,365,348,344,355,1449,339,308,270,289,243,819,206,196,157,140,120,288,77,83,53,43,32,62,24,9,18,6,5,11
安平區,計,67046,2808,450,466,581,643,668,3201,639,773,695,557,537,2909,551,558,589,600,611,3787,660,646,735,876,870,4718,846,905,962,1012,993,4557,998,895,937,872,855,4312,862,894,810,841,905,5574,948,1054,1126,1235,1211,5965,1233,1172,1240,1232,1088,6008,1049,1163,1188,1292,1316,6187,1304,1241,1238,1252,1152,5451,1179,1220,1066,1032,954,4220,942,888,833,790,767,3029,659,676,603,604,487,1718,501,392,316,238,271,1263,279,282,246,220,236,762,194,177,140,127,124,400,104,104,78,66,48,150,43,35,27,27,18,23,9,8,4,0,2,4
安平區,男,31790,1435,220,220,301,352,342,1673,322,405,381,295,270,1507,284,287,310,315,311,1942,325,339,401,442,435,2446,425,483,516,516,506,2306,522,467,464,424,429,2095,450,436,400,424,385,2502,428,465,506,560,543,2736,571,558,556,586,465,2657,475,506,514,566,596,2744,567,552,536,572,517,2514,554,594,486,447,433,1998,437,405,408,403,345,1388,308,305,266,282,227,771,218,184,141,114,114,539,110,136,112,82,99,303,80,62,58,54,49,157,45,40,26,26,20,66,16,15,13,11,11,10,3,5,2,0,0,1
安平區,女,35256,1373,230,246,280,291,326,1528,317,368,314,262,267,1402,267,271,279,285,300,1845,335,307,334,434,435,2272,421,422,446,496,487,2251,476,428,473,448,426,2217,412,458,410,417,520,3072,520,589,620,675,668,3229,662,614,684,646,623,3351,574,657,674,726,720,3443,737,689,702,680,635,2937,625,626,580,585,521,2222,505,483,425,387,422,1641,351,371,337,322,260,947,283,208,175,124,157,724,169,146,134,138,137,459,114,115,82,73,75,243,59,64,52,40,28,84,27,20,14,16,7,13,6,3,2,0,2,3
中西區,計,78331,2639,357,488,507,600,687,3686,685,687,806,728,780,4579,1093,1109,925,779,673,3537,633,633,706,773,792,4033,727,770,876,772,888,4502,909,887,868,916,922,4614,904,937,872,843,1058,6017,1079,1202,1224,1237,1275,6688,1353,1288,1393,1419,1235,6038,1179,1136,1209,1234,1280,5812,1218,1164,1124,1196,1110,5816,1152,1183,1132,1210,1139,5873,1201,1195,1110,1202,1165,5060,1058,1117,1067,1005,813,3135,810,756,645,453,471,2582,512,552,490,550,478,1957,484,357,399,366,351,1175,305,287,250,191,142,472,170,98,86,70,48,108,45,23,15,19,6,8
中西區,男,37800,1336,194,231,271,297,343,1952,342,372,398,399,441,2385,568,585,493,391,348,1887,324,343,374,426,420,2147,370,423,476,399,479,2257,429,442,461,459,466,2250,463,467,397,404,519,2828,538,552,579,582,577,2989,642,590,614,612,531,2832,549,541,542,605,595,2802,584,578,530,574,536,2758,550,567,530,560,551,2861,579,584,557,565,576,2458,497,556,531,482,392,1476,369,363,297,222,225,1111,210,265,203,237,196,806,207,140,167,147,145,465,106,117,108,86,48,166,56,39,33,20,18,33,13,7,4,6,3,1
中西區,女,40531,1303,163,257,236,303,344,1734,343,315,408,329,339,2194,525,524,432,388,325,1650,309,290,332,347,372,1886,357,347,400,373,409,2245,480,445,407,457,456,2364,441,470,475,439,539,3189,541,650,645,655,698,3699,711,698,779,807,704,3206,630,595,667,629,685,3010,634,586,594,622,574,3058,602,616,602,650,588,3012,622,611,553,637,589,2602,561,561,536,523,421,1659,441,393,348,231,246,1471,302,287,287,313,282,1151,277,217,232,219,206,710,199,170,142,105,94,306,114,59,53,50,30,75,32,16,11,13,3,7