0,1,2,3,4,5,6,7,8,9,10,11,12,13,hole,splitArea
7,1081000160,2019/10/18 16:32:23,傳送派工單給包商,PC,第一工務大隊,黃富美,路面掏空,安平區,鋪面,路面掏空,,安平區,經度:120.17508888465 緯度:22.9914534792573X_97坐標:165429.124558462 Y_97坐標:2543574.54938532,0,58.0
9,1081000158,2019/10/18 00:18:48,派工中,PC,養護工程科一股,朱利安,路面坑洞,永康區,鋪面,路面坑洞,,大仁路,經度:120.255913504863 緯度:23.0027853103826X_97坐標:173722.07 Y_97坐標:2544785.11,1,84.0
45,1081000120,2019/10/15 11:30:14,已派工,PC,養護工程科一股,鄭世衡,路面破(龜)裂,安南區,鋪面,路面破(龜)裂,,安南區 手孔調平.聲響.引出管共7件,經度:120.192301502751 緯度:23.0203827618158X_97坐標:167211.516478706 Y_97坐標:2546768.37750317,0,114.0
61,1081000103,2019/10/14 09:27:50,指定主管簽核,PC,第一工務大隊,黃富美,路面掏空,安平區,鋪面,路面掏空,,安平區,經度:120.168758477102 緯度:22.990108708535X_97坐標:164779.248146643 Y_97坐標:2543429.29231395,0,57.0
77,1081000086,2019/10/09 09:28:06,指定主管簽核,PC,第一工務大隊,黃富美,路面掏空,安平區,鋪面,路面掏空,,安平區,經度:120.150239688055 緯度:22.9955184594878X_97坐標:162884.035428838 Y_97坐標:2544039.25478876,0,55.0
78,1081000085,2019/10/09 09:26:38,指定主管簽核,PC,第一工務大隊,黃富美,路面掏空,安平區,鋪面,路面掏空,,安平區,經度:120.175336536369 緯度:22.9935642729346X_97坐標:165455.829590212 Y_97坐標:2543808.15770807,0,58.0
101,1081000057,2019/10/05 10:45:06,已派工,PC,第一工務大隊,吳建中,路面掏空,安南區,鋪面,路面掏空,,郡安路五段178巷114號搶修,經度:120.195793831418 緯度:23.0266216510583X_97坐標:167573.286901194 Y_97坐標:2547457.30832275,0,132.0
117,1081000039,2019/10/04 09:27:06,包商回覆預定數量(for承辦),PC,第三工務大隊,陳緯剛,路面坑洞,新化區,鋪面,路面坑洞,,台南市全區,經度:120.310844391492 緯度:23.0384853166956X_97坐標:179371.9476344 Y_97坐標:2548710.96177064,1,162.0
119,1081000037,2019/10/03 16:59:35,已派工,PC,第一工務大隊,吳建中,鋪面正常,安南區,鋪面,鋪面正常,,開安路198號前等四處搶修,經度:120.225142785842 緯度:23.0507966963313X_97坐標:170595.693086106 Y_97坐標:2550118.25024299,0,171.0
139,1081000014,2019/10/01 16:58:15,結案,PC,養護工程科一股,鄭世衡,人手孔周圍沉陷或損壞,永康區,鋪面,人手孔周圍沉陷或損壞,,永康區 永大路二段,經度:120.26122282426 緯度:23.023617704185X_97坐標:174277.990697852 Y_97坐標:2547089.32749098,0,121.0
140,1081000013,2019/10/01 16:52:17,結案,PC,養護工程科一股,鄭世衡,人手孔周圍沉陷或損壞,永康區,鋪面,人手孔周圍沉陷或損壞,,永康區:大灣東路及永大路二段,經度:120.259564437393 緯度:23.0012294986026X_97坐標:174095.47948119 Y_97坐標:2544610.92540394,0,84.0
141,1081000012,2019/10/01 16:27:06,結案,PC,養護工程科一股,鄭世衡,人手孔周圍沉陷或損壞,永康區,鋪面,人手孔周圍沉陷或損壞,,永康區 大灣路及民族路,經度:120.26652167299 緯度:23.0079051908388X_97坐標:174812.414788756 Y_97坐標:2545346.60227923,0,103.0
143,1081000010,2019/10/01 16:12:30,結案,PC,養護工程科一股,鄭世衡,人手孔周圍沉陷或損壞,永康區,鋪面,人手孔周圍沉陷或損壞,,永康區 大灣路,經度:120.267927824729 緯度:23.0074143472825X_97坐標:174956.290940485 Y_97坐標:2545291.52596822,1,103.0
144,1081000009,2019/10/01 15:54:04,結案,PC,養護工程科一股,鄭世衡,人手孔周圍沉陷或損壞,永康區,鋪面,人手孔周圍沉陷或損壞,,永康區 大灣路、官田區 興隆街、北區 北門路二段及台南火車站、南區 南門路及健康路二段、新營區 隋唐街、東區 崇德路,經度:120.26135745809 緯度:23.0007453368141X_97坐標:174279.024999092 Y_97坐標:2544556.38248413,0,85.0
146,1081000007,2019/10/01 14:16:02,結案,PC,養護工程科一股,鄭世衡,人手孔周圍沉陷或損壞,北區,鋪面,人手孔周圍沉陷或損壞,,北區西門路四段、麻豆區磚子井.安業、東區東豐路、新化區新灣橋、北區海佃路、,經度:120.209974579053 緯度:23.0153377122382X_97坐標:169020.061568227 Y_97坐標:2546199.80790077,0,115.0
148,1081000005,2019/10/01 13:58:08,結案,PC,養護工程科一股,鄭世衡,人手孔周圍沉陷或損壞,中西區,鋪面,人手孔周圍沉陷或損壞,,中西區 開山路、仁德區 中山路、中西區 西門路.民生路一段、東區 崇德路、下營區 和平街、 麻豆區 磚子井,經度:120.197619184516 緯度:22.9872047251694X_97坐標:167736.490685153 Y_97坐標:2543091.22718618,0,42.0
162,1080900544,2019/09/27 14:15:36,結案,PC,第三工務大隊,王培維,路面破(龜)裂,新化區,鋪面,路面破(龜)裂,,新化區太平里民權街186號旁至民權街158號道路改善工程,經度:120.304272583169 緯度:23.0404754671863X_97坐標:178699.46096444 Y_97坐標:2548934.53513445,0,161.0
203,1080900499,2019/09/26 09:54:39,結案,PC,養護工程科一股,鄭世衡,路面破(龜)裂,南區,鋪面,路面破(龜)裂,,南區.管道修復.引出管修復共3件,經度:120.190872955692 緯度:22.9749531446451X_97坐標:167037.325633731 Y_97坐標:2541738.28124206,0,23.0
207,1080900494,2019/09/26 07:59:04,結案,PC,第一工務大隊,吳建中,路面掏空,安南區,鋪面,路面掏空,,安明路一段南下距九份子大道約50公尺等搶修,經度:120.177911351351 緯度:23.0187642098472X_97坐標:165735.461474896 Y_97坐標:2546597.34174583,0,112.0
209,1080900492,2019/09/25 20:50:00,結案,PC,第一工務大隊,王雅欣,路面坑洞,北區,鋪面,路面坑洞,,北區海安路三段(鄰文成三路)標線補繪等5件搶修,經度:120.200357165098 緯度:23.0160261352004X_97坐標:168034.620094291 Y_97坐標:2546281.39181102,0,114.0
307,1080900390,2019/09/24 15:23:44,結案,PC,養護工程科一股,鄭世衡,人手孔周圍沉陷或損壞,永康區,鋪面,人手孔周圍沉陷或損壞,,永康區:加設墊片20座,經度:120.277999704208 緯度:23.020819714229X_97坐標:175996.097520329 Y_97坐標:2546770.90563424,0,122.0
309,1080900388,2019/09/24 15:15:39,結案,PC,養護工程科一股,鄭世衡,人手孔周圍沉陷或損壞,永康區,鋪面,人手孔周圍沉陷或損壞,,永康區、北區、中西區,經度:120.237145074705 緯度:23.0111317706274X_97坐標:171802.809372619 Y_97坐標:2545719.28436627,0,100.0
312,1080900385,2019/09/24 15:08:16,結案,PC,養護工程科一股,鄭世衡,人手孔周圍沉陷或損壞,永康區,鋪面,人手孔周圍沉陷或損壞,,永康區:手孔調升共11座,經度:120.253644585509 緯度:22.9992341156852X_97坐標:173487.467201598 Y_97坐標:2544393.03470075,0,84.0
315,1080900382,2019/09/24 15:02:12,結案,PC,養護工程科一股,鄭世衡,人手孔周圍沉陷或損壞,中西區,鋪面,人手孔周圍沉陷或損壞,,柳營區 永康區 東區 北區 新市區 中西區 六甲區,經度:120.20643548797 緯度:22.9907230164089X_97坐標:168642.523859798 Y_97坐標:2543475.92677509,0,61.0
318,1080900379,2019/09/24 14:48:30,結案,PC,養護工程科一股,鄭世衡,人手孔周圍沉陷或損壞,新化區,鋪面,人手孔周圍沉陷或損壞,,永康區:加設墊片 共3座 、新化區:加設墊片 共20座,經度:120.298659059777 緯度:23.0337082271735X_97坐標:178120.558033873 Y_97坐標:2548187.88137165,0,160.0
320,1080900377,2019/09/24 14:41:58,結案,PC,養護工程科一股,鄭世衡,人手孔周圍沉陷或損壞,永康區,鋪面,人手孔周圍沉陷或損壞,,永康區:加設墊片 共17座,經度:120.267805844007 緯度:23.0074587497116X_97坐標:174943.810953185 Y_97坐標:2545296.50552033,1,103.0
324,1080900373,2019/09/24 14:35:23,結案,PC,養護工程科一股,鄭世衡,人手孔周圍沉陷或損壞,新化區,鋪面,人手孔周圍沉陷或損壞,,永康區:加設墊片 共14座,經度:120.269944884587 緯度:23.0106029345211X_97坐標:175164.82346271 Y_97坐標:2545643.59678779,1,103.0
328,1080900369,2019/09/24 14:26:32,結案,PC,養護工程科一股,鄭世衡,人手孔周圍沉陷或損壞,永康區,鋪面,人手孔周圍沉陷或損壞,,中西區:加設墊片 共10座 永康區:加設墊片 共6座,經度:120.273465798603 緯度:23.0162674846303X_97坐標:175528.862317332 Y_97坐標:2546269.09188214,0,122.0
331,1080900366,2019/09/24 14:18:59,結案,PC,養護工程科一股,鄭世衡,人手孔周圍沉陷或損壞,新化區,鋪面,人手孔周圍沉陷或損壞,,新化區:加設墊片12座 北區:加設墊片10座,經度:120.186856740945 緯度:22.999105298679X_97坐標:166640.334256886 Y_97坐標:2544415.18005339,0,77.0
334,1080900363,2019/09/24 14:08:52,結案,PC,養護工程科一股,鄭世衡,人手孔周圍沉陷或損壞,新化區,鋪面,人手孔周圍沉陷或損壞,,新化區:加設墊片18座,經度:120.297600222861 緯度:23.0391699743956X_97坐標:178014.937214298 Y_97坐標:2548793.23138435,0,160.0
359,1080900337,2019/09/24 08:41:13,結案,PC,第一工務大隊,吳建中,路面掏空,安南區,鋪面,路面掏空,,怡安路一段476號前掏空搶修,經度:120.204908200786 緯度:23.0426189087763X_97坐標:168517.121459656 Y_97坐標:2549223.75810516,0,169.0
363,1080900333,2019/09/23 17:55:01,結案,PC,第一工務大隊,黃富美,路面掏空,安平區,鋪面,路面掏空,,安平區,經度:120.173504967931 緯度:22.989564906343X_97坐標:165265.55328592 Y_97坐標:2543366.32135467,0,58.0
364,1080900332,2019/09/23 17:54:10,指定主管簽核,PC,第一工務大隊,黃富美,路面掏空,安平區,鋪面,路面掏空,,安平區,經度:120.170738525676 緯度:22.9983701320582X_97坐標:164987.4299873 Y_97坐標:2544343.02131996,0,75.0
365,1080900331,2019/09/23 17:53:17,已派工,PC,第一工務大隊,黃富美,路面掏空,安平區,鋪面,路面掏空,,安平區,經度:120.175961486221 緯度:22.9929865371767X_97坐標:165519.542811786 Y_97坐標:2543743.81862924,0,58.0
373,1080900323,2019/09/23 14:11:52,結案,PC,第一工務大隊,黃富美,路面掏空,安平區,鋪面,路面掏空,,安平區,經度:120.157082065323 緯度:22.9909417380741X_97坐標:163582.6266455 Y_97坐標:2543528.37466176,0,56.0
375,1080900321,2019/09/23 14:11:02,完工登錄(至承辦),PC,第一工務大隊,黃富美,路面掏空,安平區,鋪面,路面掏空,,安平區,經度:120.166449928173 緯度:22.9994048499367X_97坐標:164548.41 Y_97坐標:2544460.1,0,75.0
377,1080900319,2019/09/23 14:10:20,已派工,PC,第一工務大隊,黃富美,修補變壞,安平區,鋪面,修補變壞,,安平區,經度:120.160938283487 緯度:23.0029339566802X_97坐標:163985.590959275 Y_97坐標:2544854.14051308,1,74.0
378,1080900318,2019/09/23 14:07:00,已派工,PC,第一工務大隊,黃富美,路面掏空,安平區,鋪面,路面掏空,,安平區,經度:120.181096447122 緯度:22.9838401247421X_97坐標:166040.35 Y_97坐標:2542727.99,0,40.0
398,1080900286,2019/09/19 14:38:42,結案,PC,養護工程科一股,鄭世衡,路面破(龜)裂,永康區,鋪面,路面破(龜)裂,,永康區.路面破裂共4件,經度:120.264553581035 緯度:23.0122557646263X_97坐標:174613.078886631 Y_97坐標:2545829.3933545,0,103.0
413,1080900266,2019/09/18 15:12:52,派工中,PC,養護工程科一股,朱利安,路面坑洞,永康區,鋪面,路面坑洞,,大仁路,經度:120.255913504863 緯度:23.0027853103826X_97坐標:173722.07 Y_97坐標:2544785.11,1,84.0
484,1080900182,2019/09/12 14:34:39,結案,PC,第一工務大隊,葉明晉,路面坑洞,東區,鋪面,路面坑洞,,凱旋路與東光路口等掏空修復,經度:120.231147597442 緯度:22.9924553545641X_97坐標:171177.160953843 Y_97坐標:2543654.27194,0,63.0
512,1080900146,2019/09/11 11:58:13,結案,PC,第一工務大隊,吳建中,路面掏空,安南區,鋪面,路面掏空,,育英街(康寧大學門前200公尺處)等二處搶修,經度:120.152374390825 緯度:23.0571645905773X_97坐標:163142.4 Y_97坐標:2550864.79,0,181.0
553,1080900104,2019/09/10 08:32:31,完工通報核准,PC,第三工務大隊,陳緯剛,路面坑洞,新化區,鋪面,路面坑洞,,台南市全區,經度:120.310794765578 緯度:23.038597420638X_97坐標:179366.92 Y_97坐標:2548723.4,0,162.0
568,1080900088,2019/09/09 21:18:23,結案,PC,第一工務大隊,葉明晉,路面坑洞,東區,鋪面,路面坑洞,,中華東路三段380巷59號等掏空修復,經度:120.228439692325 緯度:22.9804280605216X_97坐標:170892.53 Y_97坐標:2542323.83,0,45.0
569,1080900087,2019/09/09 21:13:59,結案,PC,第一工務大隊,葉明晉,路面坑洞,東區,鋪面,路面坑洞,,小東路258巷口水溝阻塞等清查修復,經度:120.215895334345 緯度:22.9852922702528X_97坐標:169609.19 Y_97坐標:2542869.31,0,44.0
570,1080900086,2019/09/09 21:08:42,結案,PC,第一工務大隊,葉明晉,路面坑洞,東區,鋪面,路面坑洞,,長榮路與東門路口等掏空修復,經度:120.213940550613 緯度:22.9881474933647X_97坐標:169410.46 Y_97坐標:2543186.57,0,62.0
571,1080900085,2019/09/09 21:04:17,結案,PC,第一工務大隊,葉明晉,路面坑洞,東區,鋪面,路面坑洞,,東寧路18號前等掏空修復,經度:120.225474222562 緯度:22.9916150774544X_97坐標:170595.01 Y_97坐標:2543564.28,0,63.0
572,1080900084,2019/09/09 20:55:38,結案,PC,第一工務大隊,葉明晉,路面坑洞,中西區,鋪面,路面坑洞,,民生路二段383號旁等掏空修復,經度:120.192884546312 緯度:22.9964715233802X_97坐標:167256.7 Y_97坐標:2544120.1,0,60.0
579,1080900077,2019/09/09 10:28:13,結案,PC,第一工務大隊,許均凱,路面鋪面變形推擠,安南區,鋪面,路面鋪面變形推擠,,慶和路二段(慶和路二段58號東陽公司大門前~長和路一段口) 路面改善,經度:120.232400025295 緯度:23.0534348410545X_97坐標:171340.95 Y_97坐標:2550406.48,0,190.0
580,1080900076,2019/09/09 09:54:56,結案,PC,第一工務大隊,許均凱,路面破(龜)裂,北區,鋪面,路面破(龜)裂,,北區中華北路(北區中華北路一段78巷至大興街口)東側路面改善工程,經度:120.185383719669 緯度:23.0100259481557X_97坐標:166496.04 Y_97坐標:2545625.38,0,95.0
583,1080900073,2019/09/08 08:40:14,錄案,手機,泉棸營造有限公司,周巡查,路面坑洞,永康區,鋪面,路面坑洞,,永康區一180線 大灣東路358號,經度:120.2690528 緯度:23.0015271X_97坐標:175068.35 Y_97坐標:2544639,0,85.0
584,1080900072,2019/09/08 08:37:49,錄案,手機,泉棸營造有限公司,周巡查,路面坑洞,永康區,鋪面,路面坑洞,,永康區一180線  大灣東路346號,經度:120.2689926 緯度:23.0014443X_97坐標:175062.14 Y_97坐標:2544629.86,0,85.0
623,1080900025,2019/09/02 16:37:22,結案,PC,養護工程科一股,鄭世衡,路面破(龜)裂,南區,鋪面,路面破(龜)裂,,南區.管道修復.AC修補.共9件,經度:120.21184393708 緯度:22.9672488636925X_97坐標:169183.07 Y_97坐標:2540873.41,0,8.0
626,1080900022,2019/09/02 16:05:13,結案,PC,養護工程科一股,鄭世衡,路面坑洞,永康區,鋪面,路面坑洞,,永康區.開挖修復,經度:120.254999763763 緯度:23.0296636940522X_97坐標:173643.53 Y_97坐標:2547762.09,1,138.0
648,1080800416,2019/08/30 17:02:01,結案,PC,第一工務大隊,葉明晉,路面坑洞,中西區,鋪面,路面坑洞,,海安路一段62號前地磚整修等修復工程,經度:120.196725075821 緯度:22.9972484918348X_97坐標:167650.91 Y_97坐標:2544203.98,0,78.0
649,1080800415,2019/08/30 16:58:27,結案,PC,第一工務大隊,葉明晉,路面坑洞,東區,鋪面,路面坑洞,,崇明路停車格018號掏空等修復工程,經度:120.222285082623 緯度:22.974692260064X_97坐標:170258.11 Y_97坐標:2541691.98,0,27.0
651,1080800413,2019/08/30 16:51:36,結案,PC,第一工務大隊,葉明晉,路面坑洞,中西區,鋪面,路面坑洞,,郡西路101號前路面掏空等修復工程,經度:120.194799746015 緯度:22.9914876140026X_97坐標:167450.02 Y_97坐標:2543567.1,0,60.0
652,1080800412,2019/08/30 16:48:47,結案,PC,第一工務大隊,葉明晉,路面坑洞,中西區,鋪面,路面坑洞,,大勇街尾運河邊掏空等修復工程,經度:120.192967969603 緯度:22.9900010562729X_97坐標:167261.31 Y_97坐標:2543403.51,0,60.0
671,1080800393,2019/08/29 22:25:07,結案,PC,第一工務大隊,葉明晉,路面坑洞,東區,鋪面,路面坑洞,,崇明七街31號前路面掏空等修復工程,經度:120.217667720765 緯度:22.9792408846802X_97坐標:169787.34 Y_97坐標:2542198.21,0,44.0
672,1080800392,2019/08/29 22:20:32,結案,PC,第一工務大隊,葉明晉,路面坑洞,東區,鋪面,路面坑洞,,崇學路12號前掏空等修復工程,經度:120.218405402684 緯度:22.9965156133482X_97坐標:169873.17 Y_97坐標:2544110.81,0,62.0
675,1080800389,2019/08/29 22:14:36,結案,PC,第一工務大隊,葉明晉,路面坑洞,東區,鋪面,路面坑洞,,府連地下道上路面掏空等修復工程,經度:120.217211280978 緯度:22.9862162408615X_97坐標:169744.66 Y_97坐標:2542970.91,0,44.0
676,1080800388,2019/08/29 22:06:15,結案,PC,第一工務大隊,葉明晉,路面坑洞,東區,鋪面,路面坑洞,,林森路一段132號前人行道掏空等修復工程,經度:120.217322751808 緯度:22.9830523508621X_97坐標:169754.22 Y_97坐標:2542620.48,0,44.0
677,1080800387,2019/08/29 22:02:11,結案,PC,第一工務大隊,葉明晉,路面坑洞,中西區,鋪面,路面坑洞,,中華東路與崇善路口掏空等修復工程,經度:120.233353250126 緯度:22.9862106371941X_97坐標:171399.68 Y_97坐標:2542961.55,0,46.0
678,1080800386,2019/08/29 21:52:55,結案,PC,第一工務大隊,葉明晉,路面坑洞,中西區,鋪面,路面坑洞,,崇善八街40號前掏空等搶修工程,經度:120.23128367452 緯度:22.9723876686674X_97坐標:171179.47 Y_97坐標:2541431.91,0,28.0
702,1080800360,2019/08/26 08:34:51,結案,PC,養護工程科一股,許文耀,路面坑洞,安平區,鋪面,路面坑洞,,安平路500巷對面淘空,經度:120.172237616564 緯度:22.998836870076X_97坐標:165141.41 Y_97坐標:2544393.84,0,75.0
707,1080800354,2019/08/25 10:51:34,錄案,手機,泉棸營造有限公司,周巡查,路面坑洞,永康區,鋪面,路面坑洞,,永康新化區180甲線 4K 300,經度:120.254908 緯度:22.9994286X_97坐標:173617.09 Y_97坐標:2544413.91,0,84.0
708,1080800353,2019/08/25 10:22:51,錄案,手機,泉棸營造有限公司,周巡查,路面坑洞,永康區,鋪面,路面坑洞,,永康新化區180甲線 8K 200,經度:120.2784417 緯度:23.0208343X_97坐標:176041.4 Y_97坐標:2546772.3,0,122.0
728,1080800328,2019/08/23 14:52:40,結案,PC,養護工程科一股,鄭世衡,路面破(龜)裂,永康區,鋪面,路面破(龜)裂,,永康區. 路面破裂共3件,經度:120.265140591446 緯度:23.0102158277388X_97坐標:174672.12 Y_97坐標:2545603.19,0,103.0
764,1080800290,2019/08/21 17:07:28,結案,PC,養護工程科一股,鄭世衡,人手孔周圍沉陷或損壞,南區,鋪面,人手孔周圍沉陷或損壞,,南區:加設墊片 共20座,經度:120.186549497332 緯度:22.984963021096X_97坐標:166600.15 Y_97坐標:2542849.23,0,41.0
765,1080800289,2019/08/21 17:00:45,結案,PC,養護工程科一股,鄭世衡,人手孔周圍沉陷或損壞,南區,鋪面,人手孔周圍沉陷或損壞,,南區、永康區:加設墊片 共21、仁德、新市、柳營區:手孔調昇 共3座,經度:120.193298461546 緯度:22.9814868783256X_97坐標:167290.01 Y_97坐標:2542460.46,0,42.0
766,1080800288,2019/08/21 16:42:50,結案,PC,養護工程科一股,鄭世衡,人手孔周圍沉陷或損壞,安平區,鋪面,人手孔周圍沉陷或損壞,,安平區:加設墊片 共23座,經度:120.181774999016 緯度:22.9863124616383X_97坐標:166111.45 Y_97坐標:2543001.39,0,40.0
767,1080800287,2019/08/21 16:35:01,結案,PC,養護工程科一股,鄭世衡,人手孔周圍沉陷或損壞,安平區,鋪面,人手孔周圍沉陷或損壞,,安平區:加設墊片 共20座,經度:120.17132934914 緯度:22.9909678224558X_97坐標:165043.37 Y_97坐標:2543522.94,0,57.0
768,1080800286,2019/08/21 16:26:27,結案,PC,養護工程科一股,鄭世衡,人手孔周圍沉陷或損壞,安平區,鋪面,人手孔周圍沉陷或損壞,,安平區:加設墊片 共14座,經度:120.166217690561 緯度:22.9916048049492X_97坐標:164519.69 Y_97坐標:2543596.45,0,57.0
769,1080800285,2019/08/21 16:17:21,結案,PC,養護工程科一股,鄭世衡,人手孔周圍沉陷或損壞,安平區,鋪面,人手孔周圍沉陷或損壞,,安平區:加設墊片 共16座,經度:120.164461802077 緯度:22.9917229686979X_97坐標:164339.74 Y_97坐標:2543610.56,0,57.0
770,1080800284,2019/08/21 16:08:42,結案,PC,養護工程科一股,鄭世衡,人手孔周圍沉陷或損壞,安平區,鋪面,人手孔周圍沉陷或損壞,,安平區:加設墊片 共23座,經度:120.165618182393 緯度:22.9918195444715X_97坐標:164458.36 Y_97坐標:2543620.58,0,57.0
771,1080800283,2019/08/21 15:57:59,結案,PC,養護工程科一股,鄭世衡,人手孔周圍沉陷或損壞,安平區,鋪面,人手孔周圍沉陷或損壞,,安平區:加設墊片 共19座,經度:120.174115458855 緯度:22.9908071866897X_97坐標:165328.92 Y_97坐標:2543503.54,0,58.0
772,1080800282,2019/08/21 15:26:35,結案,PC,養護工程科一股,鄭世衡,人手孔周圍沉陷或損壞,中西區,鋪面,人手孔周圍沉陷或損壞,,中西區:加設墊片18座,經度:120.191378418683 緯度:22.9883493795637X_97坐標:167097.33 Y_97坐標:2543221.5,0,59.0
811,1080800241,2019/08/20 08:15:03,完工通報(至承辦),PC,養護工程科一股,許文耀,路面坑洞,安南區,鋪面,路面坑洞,,長溪路一段406巷61號增設溝蓋,經度:120.206619851868 緯度:23.0416971517816X_97坐標:168691.99 Y_97坐標:2549120.73,0,151.0
825,1080800224,2019/08/19 15:55:36,結案,PC,第一工務大隊,黃富美,路面掏空,安平區,鋪面,路面掏空,,安平區,經度:120.157127722536 緯度:22.9914795888469X_97坐標:163587.65 Y_97坐標:2543587.91,0,56.0
828,1080800221,2019/08/19 15:26:29,結案,PC,第一工務大隊,黃富美,修補變壞,安平區,鋪面,修補變壞,,安平區,經度:120.183332855462 緯度:22.9981893055717X_97坐標:166278.5 Y_97坐標:2544315.75,0,77.0
829,1080800220,2019/08/19 15:14:55,結案,PC,第一工務大隊,黃富美,修補變壞,安平區,鋪面,修補變壞,,安平區,經度:120.16003483475 緯度:23.0032941576838X_97坐標:163893.2 Y_97坐標:2544894.56,0,74.0
830,1080800219,2019/08/19 15:04:28,結案,PC,第一工務大隊,黃富美,修補變壞,安平區,鋪面,修補變壞,,安平區,經度:120.183849536609 緯度:22.9893606182406X_97坐標:166326.03 Y_97坐標:2543337.76,0,59.0
842,1080800200,2019/08/16 23:20:22,結案,PC,第一工務大隊,葉明晉,路面坑洞,東區,鋪面,路面坑洞,,0813大豪雨值班,經度:120.211700666784 緯度:22.9869051042226X_97坐標:169180.07 Y_97坐標:2543050.22,0,44.0
843,1080800199,2019/08/16 23:15:34,結案,PC,第一工務大隊,葉明晉,路面坑洞,中西區,鋪面,路面坑洞,,府前路二段256號(新南橋)掏空等修復工程,經度:120.193254047726 緯度:22.9914775834741X_97坐標:167291.54 Y_97坐標:2543566.86,0,60.0
844,1080800198,2019/08/16 23:10:43,結案,PC,第一工務大隊,葉明晉,路面坑洞,中西區,鋪面,路面坑洞,,西門路二段386號前溝底阻塞高壓清洗等修復工程,經度:120.193463400915 緯度:22.9899270939143X_97坐標:167312.06 Y_97坐標:2543395.04,0,60.0
845,1080800197,2019/08/16 22:56:11,結案,PC,第一工務大隊,葉明晉,路面坑洞,東區,鋪面,路面坑洞,,長榮路三段131號前溝蓋破損等修復工程,經度:120.231324925768 緯度:22.9723878686855X_97坐標:171183.7 Y_97坐標:2541431.91,0,28.0
847,1080800194,2019/08/16 13:56:55,結案,PC,養護工程科一股,許文耀,路面坑洞,安南區,鋪面,路面坑洞,,長溪路二段382號前埋設PVC管增設溝蓋,經度:120.203131405279 緯度:23.0503418942501X_97坐標:168339.68 Y_97坐標:2550080,0,169.0
854,1080800186,2019/08/16 10:08:04,結案,PC,第一工務大隊,吳建中,修補變壞,安南區,鋪面,修補變壞,,開安路50號前標線補繪等四處搶修,經度:120.22330182098 緯度:23.0473085441542X_97坐標:170404.98 Y_97坐標:2549732.97,0,171.0
887,1080800149,2019/08/14 14:06:41,結案,PC,養護工程科一股,許文耀,路面坑洞,南區,鋪面,路面坑洞,,108年度考評路段改善,經度:120.170150592385 緯度:22.9841735547649X_97坐標:164918.26 Y_97坐標:2542771.22,0,39.0
901,1080800133,2019/08/13 10:05:04,結案,PC,第一工務大隊,許均凱,路面破(龜)裂,安南區,鋪面,路面破(龜)裂,,仁安路(智安二街前至海佃路三段口),經度:120.178083902656 緯度:23.0510992537945X_97坐標:165773.25 Y_97坐標:2550178.07,0,166.0
902,1080800132,2019/08/13 08:58:40,結案,PC,第一工務大隊,許均凱,路面破(龜)裂,南區,鋪面,路面破(龜)裂,,南區德興路(中華南路二段~德興路325巷),經度:120.192691095024 緯度:22.9610521864451X_97坐標:167215.29 Y_97坐標:2540197.86,0,6.0
906,1080800126,2019/08/12 09:57:29,結案,PC,養護工程科一股,鄭世衡,路面破(龜)裂,北區,鋪面,路面破(龜)裂,,北區.路面破裂共6件,經度:120.216941059381 緯度:23.0060462919067X_97坐標:169728.68 Y_97坐標:2545167.04,0,80.0
928,1080800104,2019/08/09 10:38:01,錄案,手機,泉棸營造有限公司,周巡查,路面坑洞,永康區,鋪面,路面坑洞,,永康區180  大灣東路35號前,經度:120.2602479 緯度:22.9984708X_97坐標:174163.99 Y_97坐標:2544305.08,0,84.0
953,1080800076,2019/08/07 21:37:29,結案,PC,第一工務大隊,葉明晉,路面坑洞,中西區,鋪面,路面坑洞,,民族路二段赤崁樓前3處地磚鬆動等修復工程,經度:120.175758858636 緯度:23.0027889176352X_97坐標:165504.87 Y_97坐標:2544829.46,0,76.0
962,1080800067,2019/08/05 21:24:10,結案,PC,第一工務大隊,葉明晉,路面坑洞,中西區,鋪面,路面坑洞,,和善街98巷掏空等修復工程,經度:120.190251893012 緯度:23.0016796565303X_97坐標:166989.98 Y_97坐標:2544698.34,0,77.0
963,1080800066,2019/08/05 21:20:08,結案,PC,第一工務大隊,葉明晉,路面坑洞,中西區,鋪面,路面坑洞,,民生綠園與青年路口掏空等修復工程,經度:120.208602389514 緯度:22.9908772828872X_97坐標:168864.78 Y_97坐標:2543491.81,0,61.0
964,1080800065,2019/08/05 21:12:49,結案,PC,第一工務大隊,葉明晉,路面坑洞,東區,鋪面,路面坑洞,,府東街227號前掏空等修復工程,經度:120.215107441428 緯度:22.9865627961658X_97坐標:169529.16 Y_97坐標:2543010.44,0,44.0
965,1080800064,2019/08/05 21:08:49,結案,PC,第一工務大隊,葉明晉,路面坑洞,東區,鋪面,路面坑洞,,中華東路三段513號前路面掏空等修復工程,經度:120.214986157946 緯度:22.9854406495325X_97坐標:169516.06 Y_97坐標:2542886.24,0,44.0
966,1080800063,2019/08/05 21:03:50,結案,PC,第一工務大隊,葉明晉,路面坑洞,東區,鋪面,路面坑洞,,東和路21號前溝蓋破損等修復工程,經度:120.228096977602 緯度:22.9986181315701X_97坐標:170867.99 Y_97坐標:2544338.38,1,81.0
967,1080800062,2019/08/05 20:59:02,結案,PC,第一工務大隊,葉明晉,路面坑洞,東區,鋪面,路面坑洞,,崇明路與榮譽街口掏空等修復工程,經度:120.222278102687 緯度:22.9755882005553X_97坐標:170257.92 Y_97坐標:2541791.2,0,27.0
968,1080800061,2019/08/05 20:54:25,結案,PC,第一工務大隊,葉明晉,路面坑洞,東區,鋪面,路面坑洞,,小東路(小東市場牌樓)掏空等修復工程,經度:120.230580019782 緯度:22.9989779645388X_97坐標:171122.76 Y_97坐標:2544376.89,0,81.0
969,1080800060,2019/08/05 20:49:32,結案,PC,第一工務大隊,葉明晉,路面坑洞,東區,鋪面,路面坑洞,,東門路三段226巷125號前掏空等修復工程,經度:120.224269185749 緯度:22.9845734141348X_97坐標:170467.34 Y_97坐標:2542785.14,1,45.0
970,1080800059,2019/08/05 20:43:41,結案,PC,第一工務大隊,葉明晉,路面坑洞,東區,鋪面,路面坑洞,,中華東路與崇信街口掏空等修復工程,經度:120.233894252608 緯度:22.9947891280616X_97坐標:171460.11 Y_97坐標:2543911.24,0,64.0
1002,1080800022,2019/08/01 21:53:47,結案,PC,第一工務大隊,葉明晉,路面坑洞,中西區,鋪面,路面坑洞,,大福街6號溝底高壓清洗等修復工程,經度:120.193793503709 緯度:22.9993817719128X_97坐標:167351.66 Y_97坐標:2544441.87,0,78.0
1003,1080800021,2019/08/01 21:42:55,結案,PC,第一工務大隊,葉明晉,路面坑洞,東區,鋪面,路面坑洞,,莊敬路55號前路面掏空等修復工程,經度:120.232635325283 緯度:22.9938545520105X_97坐標:171330.5 Y_97坐標:2543808.42,0,64.0
1004,1080800020,2019/08/01 21:39:16,結案,PC,第一工務大隊,葉明晉,路面坑洞,東區,鋪面,路面坑洞,,中華東路三段258號前掏空等修復工程,經度:120.225874653174 緯度:22.9777276282315X_97坐標:170627.95 Y_97坐標:2542026.17,0,27.0
1005,1080800019,2019/08/01 15:40:16,結案,PC,養護工程科一股,鄭世衡,人手孔周圍沉陷或損壞,新化區,鋪面,人手孔周圍沉陷或損壞,,"新化區.手孔調平挖除下地,試挖共6件",經度:120.284628185774 緯度:23.0212429370019X_97坐標:176675.76 Y_97坐標:2546814.44,0,123.0
1020,1080800004,2019/08/01 11:33:35,結案,PC,養護工程科一股,鄭世衡,路面破(龜)裂,北區,鋪面,路面破(龜)裂,,北區.路面破裂共2件,經度:120.21219227122 緯度:23.00421337005X_97坐標:169240.77 Y_97坐標:2544966.67,0,80.0
1030,1080700449,2019/07/31 15:14:06,結案,PC,第一工務大隊,許均凱,路面破(龜)裂,北區,鋪面,路面破(龜)裂,,北區文成三路(海安路三段至育德二路)路面改善工程,經度:120.200651541664 緯度:23.0160331139562X_97坐標:168064.8 Y_97坐標:2546282,0,114.0
1031,1080700448,2019/07/31 15:02:10,結案,PC,第一工務大隊,許均凱,路面破(龜)裂,北區,鋪面,路面破(龜)裂,,北區公園路與和緯路路口路面改善工程,經度:120.210832315966 緯度:23.0106658504509X_97坐標:169105.2 Y_97坐標:2545681.97,0,97.0
1039,1080700438,2019/07/30 18:36:42,結案,PC,第一工務大隊,王雅欣,路面掏空,北區,鋪面,路面掏空,,北區長榮路五段(鄰北門路三段7-11旁)機車待轉區路面掏空搶修,經度:120.217116863877 緯度:23.0129060014411X_97坐標:169750.76 Y_97坐標:2545926.59,0,98.0
1049,1080700427,2019/07/29 21:31:41,結案,PC,第一工務大隊,王雅欣,路面掏空,北區,鋪面,路面掏空,,北區東豐路(鄰勝利路)南側機車道路面掏空及凹陷共2處等2件搶修,經度:120.218229051289 緯度:23.0032223378234X_97坐標:169859.05 Y_97坐標:2544853.61,0,80.0
1051,1080700424,2019/07/29 15:36:08,結案,PC,第一工務大隊,黃富美,路面掏空,安平區,鋪面,路面掏空,,安平區,經度:120.180850440855 緯度:22.9913172252352X_97坐標:166019.75 Y_97坐標:2543556.15,0,58.0
1060,1080700413,2019/07/29 11:36:41,結案,PC,第一工務大隊,許均凱,路面鋪面變形推擠,安南區,鋪面,路面鋪面變形推擠,,慶和路二段(台江大道一段至慶和路二段58號東陽公司大門前)路面改善,經度:120.231322943105 緯度:23.05233055349X_97坐標:171229.93 Y_97坐標:2550284.77,0,190.0
1072,1080700398,2019/07/25 14:17:29,錄案,手機,泉棸營造有限公司,周巡查,路面坑洞,永康區,鋪面,路面坑洞,,永康區180  復興路377號,經度:120.2405029 緯度:22.9986347X_97坐標:172139.84 Y_97坐標:2544333.57,0,82.0
1073,1080700397,2019/07/25 09:23:47,結案,PC,第一工務大隊,許均凱,路面破(龜)裂,東區,鋪面,路面破(龜)裂,,東區裕忠一街與裕孝一街路面改善工程,經度:120.242977604243 緯度:22.9813356281173X_97坐標:172383.67 Y_97坐標:2542416.57,0,47.0
1074,1080700396,2019/07/25 09:19:19,結案,PC,第一工務大隊,許均凱,路面破(龜)裂,中西區,鋪面,路面破(龜)裂,,永華一街路面改善工程,經度:120.189233446376 緯度:22.9908166434703X_97坐標:166878.92 Y_97坐標:2543495.94,0,59.0
1079,1080700390,2019/07/24 14:13:21,錄案,手機,泉棸營造有限公司,周巡查,路面坑洞,歸仁區,鋪面,路面坑洞,,177甲線  11K 350,經度:120.3007687 緯度:22.9685523X_97坐標:178302.36 Y_97坐標:2540971.56,0,17.0
1081,1080700388,2019/07/23 16:40:27,結案,PC,養護工程科一股,鄭世衡,人手孔周圍沉陷或損壞,永康區,鋪面,人手孔周圍沉陷或損壞,,永康區.管道修復,經度:120.245109836079 緯度:23.0338812192154X_97坐標:172632.26 Y_97坐標:2548234.33,0,155.0
1082,1080700387,2019/07/23 16:14:46,結案,PC,養護工程科一股,鄭世衡,人手孔周圍沉陷或損壞,東區,鋪面,人手孔周圍沉陷或損壞,,東區.新埋手孔及修復,經度:120.220215606317 緯度:22.9736382046917X_97坐標:170045.29 Y_97坐標:2541576.38,0,26.0
1083,1080700386,2019/07/23 15:30:31,結案,PC,養護工程科一股,鄭世衡,人手孔周圍沉陷或損壞,中西區,鋪面,人手孔周圍沉陷或損壞,,中西區:加設墊片 共11座,經度:120.194415634624 緯度:23.0019609573531X_97坐標:167417.01 Y_97坐標:2544727.14,0,78.0
1084,1080700385,2019/07/23 15:27:03,結案,PC,養護工程科一股,鄭世衡,人手孔周圍沉陷或損壞,中西區,鋪面,人手孔周圍沉陷或損壞,,中西區:加設墊片 共13座,經度:120.189445459665 緯度:22.9977330777405X_97坐標:166904.89 Y_97坐標:2544261.75,0,77.0
1085,1080700384,2019/07/23 15:22:14,結案,PC,養護工程科一股,鄭世衡,人手孔周圍沉陷或損壞,北區,鋪面,人手孔周圍沉陷或損壞,,北區:加設墊片 共21座,經度:120.207195699919 緯度:23.0082504561638X_97坐標:168730.96 Y_97坐標:2545416.5,0,97.0
1088,1080700381,2019/07/23 15:09:15,結案,PC,養護工程科一股,鄭世衡,人手孔周圍沉陷或損壞,北區,鋪面,人手孔周圍沉陷或損壞,,北區:加設墊片17座,經度:120.210009220059 緯度:23.0168911747444X_97坐標:169024.54 Y_97坐標:2546371.82,0,115.0
1090,1080700379,2019/07/23 15:06:59,結案,PC,養護工程科一股,鄭世衡,人手孔周圍沉陷或損壞,永康區,鋪面,人手孔周圍沉陷或損壞,,永康區.引上管共8件,經度:120.233120493047 緯度:23.029299910826X_97坐標:171400.78 Y_97坐標:2547733.38,0,136.0
1094,1080700375,2019/07/23 14:55:02,結案,PC,養護工程科一股,鄭世衡,人手孔周圍沉陷或損壞,北區,鋪面,人手孔周圍沉陷或損壞,,北區:加設墊片15座,經度:120.208383729889 緯度:23.0108949117885X_97坐標:168854.33 Y_97坐標:2545708.69,0,97.0
1099,1080700370,2019/07/23 14:37:22,結案,PC,養護工程科一股,鄭世衡,人手孔周圍沉陷或損壞,北區,鋪面,人手孔周圍沉陷或損壞,,北區:加設墊片 共20座,經度:120.209556148526 緯度:23.0135977959266X_97坐標:168976.13 Y_97坐標:2546007.36,1,97.0
1107,1080700362,2019/07/23 14:32:58,結案,PC,養護工程科一股,鄭世衡,人手孔周圍沉陷或損壞,北區,鋪面,人手孔周圍沉陷或損壞,,北區:加設墊片 共16座,經度:120.200019857476 緯度:23.0091383258047X_97坐標:167995.88 Y_97坐標:2545518.82,0,96.0
1117,1080700352,2019/07/23 14:28:28,結案,PC,養護工程科一股,鄭世衡,人手孔周圍沉陷或損壞,北區,鋪面,人手孔周圍沉陷或損壞,,北區:加設墊片 共17座,經度:120.199076770837 緯度:23.0201220200855X_97坐標:167905.85 Y_97坐標:2546735.69,0,114.0
1121,1080700348,2019/07/23 14:24:23,結案,PC,養護工程科一股,鄭世衡,人手孔周圍沉陷或損壞,北區,鋪面,人手孔周圍沉陷或損壞,,北區:加設墊片共14座,經度:120.185293269262 緯度:23.0105981708693X_97坐標:166487.12 Y_97坐標:2545688.8,0,95.0
1122,1080700347,2019/07/23 14:19:05,結案,PC,養護工程科一股,鄭世衡,人手孔周圍沉陷或損壞,北區,鋪面,人手孔周圍沉陷或損壞,,北區:加設墊片共16座,經度:120.200277198333 緯度:23.0205874510705X_97坐標:168029.18 Y_97坐標:2546786.56,0,114.0
1209,1080700251,2019/07/18 09:49:12,結案,PC,第一工務大隊,許均凱,路面破(龜)裂,安南區,鋪面,路面破(龜)裂,,大安街461巷(57號至46號之36)路面改善,經度:120.190375990433 緯度:23.0306197371003X_97坐標:167020.41 Y_97坐標:2547903.12,0,131.0
1210,1080700250,2019/07/18 09:36:44,結案,PC,第一工務大隊,許均凱,路面鋪面變形推擠,安南區,鋪面,路面鋪面變形推擠,,仁安八街(海佃路口~智安四街)路面改善,經度:120.182172836495 緯度:23.0480169224658X_97坐標:166190.38 Y_97坐標:2549834.38,0,166.0
1218,1080700242,2019/07/16 10:21:01,結案,PC,第一工務大隊,王雅欣,路面掏空,北區,鋪面,路面掏空,,北區中成路與成功路交叉口(鄰富朗飯店)路面掏空搶修,經度:120.20532313604 緯度:22.9984912427591X_97坐標:168533.14 Y_97坐標:2544336.8,0,79.0
1247,1080700207,2019/07/12 21:59:05,結案,PC,第一工務大隊,葉明晉,路面坑洞,中西區,鋪面,路面坑洞,,民族路三段17號前掏空等搶修工程,經度:120.199154059881 緯度:22.9976408688564X_97坐標:167900.17 Y_97坐標:2544246.07,0,78.0
1250,1080700204,2019/07/12 10:27:55,結案,PC,養護工程科一股,鄭世衡,人手孔周圍沉陷或損壞,北區,鋪面,人手孔周圍沉陷或損壞,,北區.管道修復共3件,經度:120.188536685802 緯度:22.9976653946052X_97坐標:166811.68 Y_97坐標:2544254.77,0,77.0
1254,1080700200,2019/07/12 09:38:03,錄案,手機,泉棸營造有限公司,周巡查,路面坑洞,歸仁區,鋪面,路面坑洞,,182    12k 700,經度:120.3098031 緯度:22.9635534X_97坐標:179226.16 Y_97坐標:2540413.61,0,18.0
1261,1080700192,2019/07/12 08:45:28,錄案,手機,泉棸營造有限公司,周巡查,路面坑洞,仁德區,鋪面,路面坑洞,,仁德 歸仁區182    7k 800,經度:120.2627594 緯度:22.970429X_97坐標:174405.87 Y_97坐標:2541198.45,0,31.0
1267,1080700186,2019/07/11 10:45:33,錄案,手機,泉棸營造有限公司,周巡查,路面坑洞,永康區,鋪面,路面坑洞,,180甲   4K 300,經度:120.2549474 緯度:22.9994357X_97坐標:173621.13 Y_97坐標:2544414.68,0,84.0
1295,1080700157,2019/07/10 15:29:45,錄案,手機,泉棸營造有限公司,周巡查,路面坑洞,永康區,鋪面,路面坑洞,,180   2k 900,經度:120.2410792 緯度:22.9986255X_97坐標:172198.92 Y_97坐標:2544332.25,0,83.0
1304,1080700145,2019/07/09 14:57:53,結案,PC,養護工程科一股,鄭世衡,人手孔周圍沉陷或損壞,北區,鋪面,人手孔周圍沉陷或損壞,,北區:加設墊片 共7座,經度:120.188767807479 緯度:23.0077920303843X_97坐標:166841.58 Y_97坐標:2545376.07,0,95.0
1312,1080700137,2019/07/08 20:13:26,結案,PC,第一工務大隊,葉明晉,路面坑洞,東區,鋪面,路面坑洞,,大同地下道上方(近大同路)地磚下陷及樹頭移除等修復工程,經度:120.215892354597 緯度:22.9686019707627X_97坐標:169599.01 Y_97坐標:2541021.03,0,8.0
1319,1080700126,2019/07/08 15:52:19,結案,PC,養護工程科一股,鄭世衡,路面破(龜)裂,北區,鋪面,路面破(龜)裂,,北區.路面破裂共3件,經度:120.211086360144 緯度:23.0044372300297X_97坐標:169127.53 Y_97坐標:2544992.07,0,79.0
1322,1080700123,2019/07/08 15:06:28,結案,PC,養護工程科一股,鄭世衡,人手孔周圍沉陷或損壞,北區,鋪面,人手孔周圍沉陷或損壞,,北區:加設墊片 共13座,經度:120.185640272138 緯度:23.0092626000463X_97坐標:166521.87 Y_97坐標:2545540.7,2,95.0
1323,1080700122,2019/07/08 14:33:09,結案,PC,養護工程科一股,鄭世衡,人手孔周圍沉陷或損壞,北區,鋪面,人手孔周圍沉陷或損壞,,北區:加設墊片 共18座,經度:120.190413334154 緯度:23.008497124235X_97坐標:167010.7 Y_97坐標:2545453.22,0,95.0
1328,1080700117,2019/07/08 10:40:12,結案,PC,第一工務大隊,黃富美,路面鋪面變形推擠,安平區,鋪面,路面鋪面變形推擠,,安平區,經度:120.161638785167 緯度:22.986402977717X_97坐標:164046.94 Y_97坐標:2543023.07,0,38.0
1330,1080700115,2019/07/08 10:23:14,結案,PC,第一工務大隊,黃富美,路面掏空,安平區,鋪面,路面掏空,,安平區,經度:120.149188961541 緯度:22.9942557035532X_97坐標:162775.5 Y_97坐標:2543900.04,0,55.0
1333,1080700112,2019/07/08 10:12:47,結案,PC,第一工務大隊,黃富美,修補變壞,安平區,鋪面,修補變壞,,安平區,經度:120.161545377222 緯度:22.9996039919207X_97坐標:164045.72 Y_97坐標:2544485.02,0,74.0
1346,1080700097,2019/07/06 14:52:15,結案,PC,養護工程科一股,鄭世衡,人手孔周圍沉陷或損壞,東區,鋪面,人手孔周圍沉陷或損壞,,東區.手孔下地.AC修補.聲響共14件,經度:120.231523164508 緯度:22.9660783431867X_97坐標:171200.37 Y_97坐標:2540733.09,0,10.0
1347,1080700096,2019/07/05 21:54:54,結案,PC,第一工務大隊,葉明晉,路面坑洞,東區,鋪面,路面坑洞,,中華東路一段80巷21號前溝邊掏空等修復工程,經度:120.214896185685 緯度:22.9956561078265X_97坐標:169512.89 Y_97坐標:2544017.55,0,62.0
1350,1080700093,2019/07/05 14:27:08,結案,PC,養護工程科一股,鄭世衡,路面破(龜)裂,北區,鋪面,路面破(龜)裂,,北區.路面破裂共5件,經度:120.211571428973 緯度:23.0044587896347X_97坐標:169177.27 Y_97坐標:2544994.19,0,79.0
1351,1080700092,2019/07/05 11:09:40,結案,PC,第一工務大隊,吳建中,路面掏空,安南區,鋪面,路面掏空,,長和路二段12巷口道路掏空等二處搶修,經度:120.224676434867 緯度:23.064168880596X_97坐標:170555.75 Y_97坐標:2551599.35,0,207.0
1352,1080700091,2019/07/05 10:49:06,結案,PC,養護工程科一股,鄭世衡,人手孔周圍沉陷或損壞,南區,鋪面,人手孔周圍沉陷或損壞,,南區:加設墊片 共14座,經度:120.189572692273 緯度:23.0081324327224X_97坐標:166924.3 Y_97坐標:2545413.31,0,95.0
1353,1080700090,2019/07/05 10:37:50,結案,PC,養護工程科一股,鄭世衡,人手孔周圍沉陷或損壞,南區,鋪面,人手孔周圍沉陷或損壞,,南區:加設墊片 共17座,經度:120.184799907739 緯度:22.9781635620509X_97坐標:166416.58 Y_97坐標:2542097.25,0,23.0
1354,1080700089,2019/07/05 10:04:14,結案,PC,養護工程科一股,鄭世衡,人手孔周圍沉陷或損壞,南區,鋪面,人手孔周圍沉陷或損壞,,南區:加設墊片 共21座,經度:120.183678945721 緯度:22.9681593666779X_97坐標:166295.48 Y_97坐標:2540990.02,1,5.0
1394,1080700046,2019/07/02 18:05:28,結案,PC,第一工務大隊,許均凱,路面破(龜)裂,安平區,鋪面,路面破(龜)裂,,安平區,經度:120.178987334253 緯度:22.995038997614X_97坐標:165831.04 Y_97坐標:2543969.37,0,58.0
1397,1080700042,2019/07/02 15:53:37,結案,PC,養護工程科一股,鄭世衡,人手孔周圍沉陷或損壞,安南區,鋪面,人手孔周圍沉陷或損壞,,安南區.加設墊片共20座,經度:120.204351868054 緯度:23.0285033646783X_97坐標:168451.61 Y_97坐標:2547660.9,0,133.0
1411,1080700026,2019/07/01 16:22:03,結案,PC,養護工程科一股,鄭世衡,路面破(龜)裂,北區,鋪面,路面破(龜)裂,,北區.路面破裂,經度:120.213185697856 緯度:23.0041596130171X_97坐標:169342.58 Y_97坐標:2544960.17,0,80.0
1426,1080700011,2019/07/01 15:13:58,結案,PC,養護工程科一股,鄭世衡,人手孔周圍沉陷或損壞,北區,鋪面,人手孔周圍沉陷或損壞,,北區.手孔調整.引上管修復及聲響共15件,經度:120.211301472555 緯度:23.0045171345725X_97坐標:169149.63 Y_97坐標:2545000.8,0,79.0
1449,1080600675,2019/06/27 18:29:16,結案,PC,第一工務大隊,王雅欣,路面掏空,北區,鋪面,路面掏空,,北區開元路382號前快車道路面掏空搶修,經度:120.224752303903 緯度:23.0102562033226X_97坐標:170531.91 Y_97坐標:2545628.99,0,99.0
1553,1080600567,2019/06/24 14:46:19,結案,PC,養護工程科一股,鄭世衡,路面破(龜)裂,南區,鋪面,路面破(龜)裂,,南區.管遷,經度:120.203756543382 緯度:22.977024961824X_97坐標:168359.63 Y_97坐標:2541960.49,0,25.0
1675,1080600438,2019/06/19 20:53:35,結案,PC,第一工務大隊,葉明晉,路面坑洞,中西區,鋪面,路面坑洞,,中華西路與光賢街口溝蓋破損等修復工程,經度:120.195120194715 緯度:22.9904109552308X_97坐標:167482.22 Y_97坐標:2543447.69,1,60.0
1760,1080600348,2019/06/18 09:56:53,結案,PC,第一工務大隊,許均凱,路面破(龜)裂,安南區,鋪面,路面破(龜)裂,,公學路四段122巷96弄,經度:120.17620362313 緯度:23.0703588908184X_97坐標:165592.57 Y_97坐標:2552312,0,220.0
1864,1080600241,2019/06/14 22:34:52,結案,PC,第一工務大隊,許均凱,路面破(龜)裂,東區,鋪面,路面破(龜)裂,,東區生產路(崇德路至崇善路口)路面改善工程,經度:120.224410445491 緯度:22.9646921632627X_97坐標:170470.19 Y_97坐標:2540583.42,0,9.0
1865,1080600240,2019/06/14 21:54:24,結案,PC,第一工務大隊,許均凱,路面破(龜)裂,東區,鋪面,路面破(龜)裂,,東區崇善十一街(崇善路至仁和路口)路面改善工程,經度:120.231401425435 緯度:22.9702418511963X_97坐標:171190.3 Y_97坐標:2541194.22,2,28.0
1866,1080600239,2019/06/14 18:25:15,結案,PC,第一工務大隊,黃富美,路面破(龜)裂,安平區,鋪面,路面破(龜)裂,,安平區,經度:120.182327042347 緯度:22.9885467411527X_97坐標:166169.43 Y_97坐標:2543248.5,0,58.0
1867,1080600238,2019/06/14 18:06:04,結案,PC,第一工務大隊,許均凱,路面破(龜)裂,安平區,鋪面,路面破(龜)裂,,安平區,經度:120.178997806466 緯度:22.9950008545912X_97坐標:165832.09 Y_97坐標:2543965.14,1,58.0
1948,1080600150,2019/06/13 17:56:12,結案,PC,第一工務大隊,許均凱,路面破(龜)裂,南區,鋪面,路面破(龜)裂,,臺南市南區夏林路(夏林路389號至夏林路397號),經度:120.195344809174 緯度:22.976037479378X_97坐標:167496.52 Y_97坐標:2541855.84,3,24.0
1965,1080600133,2019/06/13 16:14:30,結案,PC,第一工務大隊,許均凱,路面破(龜)裂,北區,鋪面,路面破(龜)裂,,1.北區北成路(海安路三段至中華北路二段194巷)路面改善工程,經度:120.200217923453 緯度:23.0186287035628X_97坐標:168021.92 Y_97坐標:2546569.68,1,114.0
1978,1080600114,2019/06/12 10:07:02,完工通報(至監造),手機,養護工程科一股,朱利安,鋪面正常,東區,鋪面,鋪面正常,,701台灣台南市東區東門路三段261號,經度:120.2361494 緯度:22.976273X_97坐標:171680.63 Y_97坐標:2541859.56,1,28.0
1998,1080600089,2019/06/06 14:46:03,結案,PC,養護工程科一股,朱利安,路面坑洞,永康區,鋪面,路面坑洞,,大仁路,經度:120.255913504863 緯度:23.0027853103826X_97坐標:173722.07 Y_97坐標:2544785.11,1,84.0
1999,1080600088,2019/06/06 14:36:04,結案,PC,養護工程科一股,鄭世衡,路面破(龜)裂,仁德區,鋪面,路面破(龜)裂,,仁德區.路面破裂共2件,經度:120.259331190645 緯度:22.970825308162X_97坐標:174054.57 Y_97坐標:2541244.11,0,30.0
2017,1080600063,2019/06/05 16:32:44,結案,PC,第一工務大隊,許均凱,路面破(龜)裂,安南區,鋪面,路面破(龜)裂,,仁安路(安中路三段至智安二街前)路面改善,經度:120.174871735068 緯度:23.0492995449046X_97坐標:165442.94 Y_97坐標:2549980.62,0,166.0
2020,1080600055,2019/06/05 13:46:38,結案,PC,養護工程科一股,鄭世衡,路面破(龜)裂,永康區,鋪面,路面破(龜)裂,,永康區.路面破裂及管道修復共2件,經度:120.265623630415 緯度:23.008581975898X_97坐標:174720.73 Y_97坐標:2545422.01,0,103.0
2022,1080600051,2019/06/05 11:44:20,結案,PC,養護工程科一股,鄭世衡,路面破(龜)裂,仁德區,鋪面,路面破(龜)裂,,仁德區.路面破裂及管道修復共5件,經度:120.258379021208 緯度:22.9709427652771X_97坐標:173957 Y_97坐標:2541257.61,1,30.0
2023,1080600050,2019/06/05 09:40:56,結案,PC,養護工程科一股,鄭世衡,路面破(龜)裂,仁德區,鋪面,路面破(龜)裂,,仁德區.路面破裂共2件,經度:120.252850763066 緯度:22.9680129567491X_97坐標:173388.48 Y_97坐標:2540936.04,0,12.0
2034,1080600037,2019/06/04 19:43:07,結案,PC,第一工務大隊,王雅欣,路面掏空,北區,鋪面,路面掏空,,北區開元路(鄰勝利路)路口路面掏空搶修,經度:120.218499817271 緯度:23.0066305668511X_97坐標:169888.82 Y_97坐標:2545230.89,1,98.0
2035,1080600036,2019/06/04 18:23:24,結案,PC,第一工務大隊,許均凱,路面鋪面變形推擠,安平區,鋪面,路面鋪面變形推擠,,安平區,經度:120.158671344948 緯度:22.9974265042656X_97坐標:163749.69 Y_97坐標:2544245.57,0,74.0
2049,1080600019,2019/06/03 20:32:12,結案,PC,第一工務大隊,葉明晉,路面坑洞,中西區,鋪面,路面坑洞,,中華西路二段64號前路面隆起等修復工程,經度:120.186942413677 緯度:22.993897534749X_97坐標:166645.92 Y_97坐標:2543838.42,0,59.0
2060,1080600006,2019/06/03 09:31:23,結案,PC,第一工務大隊,吳建中,路面鋪面變形推擠,安南區,鋪面,路面鋪面變形推擠,,"安明路與安通路六段口刨鋪義交配合,標線補繪等二件搶修",經度:120.173564400911 緯度:23.0238460676717X_97坐標:165293.05 Y_97坐標:2547162.62,0,112.0
2068,1080500402,2019/05/31 16:57:22,派工中,手機,養護工程科一股,朱利安,路面坑洞,東區,鋪面,路面坑洞,,701台灣台南市東區東門路三段261號,經度:120.2361494 緯度:22.9762741X_97坐標:171680.63 Y_97坐標:2541859.69,1,28.0
2081,1080500385,2019/05/30 21:17:21,結案,PC,第一工務大隊,葉明晉,路面坑洞,東區,鋪面,路面坑洞,,大同路二段299號前路面破損改善等修復工程,經度:120.214571187229 緯度:22.9742999739363X_97坐標:169466.91 Y_97坐標:2541652.75,0,26.0
2096,1080500369,2019/05/30 11:50:29,結案,PC,養護工程科一股,鄭世衡,路面破(龜)裂,南區,鋪面,路面破(龜)裂,,西門路.路面破裂共4件,經度:120.19741012008 緯度:22.9819460766241X_97坐標:167711.87 Y_97坐標:2542509,0,42.0
2105,1080500359,2019/05/29 16:33:13,結案,PC,第一工務大隊,許均凱,路面破(龜)裂,安南區,鋪面,路面破(龜)裂,,臺南市安南區安通路五段(義安街至義吉街口),經度:120.193841313178 緯度:23.0303368198791X_97坐標:167375.42 Y_97坐標:2547869.83,0,132.0
2106,1080500358,2019/05/29 16:27:42,結案,PC,第一工務大隊,許均凱,路面破(龜)裂,北區,鋪面,路面破(龜)裂,,臺南市北區育德一街221巷路面,經度:120.205183133822 緯度:23.0163158182403X_97坐標:168529.49 Y_97坐標:2546310.78,0,115.0
2107,1080500357,2019/05/29 16:20:57,結案,PC,第一工務大隊,許均凱,路面破(龜)裂,安南區,鋪面,路面破(龜)裂,,臺南市安南區台江大道三段(育英街口、往東及往西等二處快車道),經度:120.158141769008 緯度:23.0624951099785X_97坐標:163736.82 Y_97坐標:2551451.69,0,200.0
2108,1080500356,2019/05/29 16:14:50,結案,PC,第一工務大隊,許均凱,路面破(龜)裂,安南區,鋪面,路面破(龜)裂,,臺南市安南區台江大道三段(海佃路口及安吉路口等二處、西往東車道),經度:120.190825606134 緯度:23.0601915883119X_97坐標:167084.6 Y_97坐標:2551177.69,0,185.0
2109,1080500355,2019/05/29 15:41:47,結案,PC,養護工程科一股,鄭世衡,人手孔周圍沉陷或損壞,安平區,鋪面,人手孔周圍沉陷或損壞,,永華路.手孔調整.聲響及管遷等10件,經度:120.174729575292 緯度:22.9907537680848X_97坐標:165391.85 Y_97坐標:2543497.27,1,58.0
2132,1080500330,2019/05/28 17:51:38,結案,PC,第一工務大隊,許均凱,路面破(龜)裂,安南區,鋪面,路面破(龜)裂,,台江大道二段(長溪路口東向及本原街二段106巷口西向等二處快車道),經度:120.19365016997 緯度:23.0600705719656X_97坐標:167373.97 Y_97坐標:2551162.69,0,186.0
2133,1080500329,2019/05/28 17:36:51,結案,PC,第一工務大隊,許均凱,路面破(龜)裂,中西區,鋪面,路面破(龜)裂,,臺南市中西區大勇街(金華路至海安路口),經度:120.192927854123 緯度:22.9899566043388X_97坐標:167257.17 Y_97坐標:2543398.61,0,60.0
2134,1080500328,2019/05/28 17:30:49,結案,PC,第一工務大隊,許均凱,路面破(龜)裂,安平區,鋪面,路面破(龜)裂,,臺南市安平區建平一街224巷,經度:120.17533185367 緯度:22.9850036493031X_97坐標:165450.02 Y_97坐標:2542860.15,0,40.0
2135,1080500327,2019/05/28 17:17:00,結案,PC,第一工務大隊,許均凱,路面破(龜)裂,安南區,鋪面,路面破(龜)裂,,臺南市安南區安昌街85巷至130巷間,經度:120.218473625743 緯度:23.0721834024464X_97坐標:169924.89 Y_97坐標:2552490.27,0,224.0
2142,1080500320,2019/05/28 16:40:09,結案,PC,第一工務大隊,許均凱,路面破(龜)裂,北區,鋪面,路面破(龜)裂,,臺南市北區中華北路二段268巷,經度:120.207900833629 緯度:23.0219402101351X_97坐標:168811.44 Y_97坐標:2546932.12,0,115.0
2174,1080500288,2019/05/28 10:07:31,結案,PC,第一工務大隊,黃富美,修補變壞,安平區,鋪面,修補變壞,,安平區,經度:120.183224464473 緯度:22.9983390074973X_97坐標:166267.48 Y_97坐標:2544332.39,0,77.0
2180,1080500282,2019/05/28 09:39:19,結案,PC,第一工務大隊,黃富美,修補變壞,安平區,鋪面,修補變壞,,安平區,經度:120.168669361063 緯度:22.9896445252918X_97坐標:164769.82 Y_97坐標:2543377.94,0,57.0
2181,1080500281,2019/05/28 09:30:55,結案,PC,第一工務大隊,黃富美,修補變壞,安平區,鋪面,修補變壞,,安平區,經度:120.159792941056 緯度:23.0032600051207X_97坐標:163868.38 Y_97坐標:2544890.92,0,74.0
2182,1080500280,2019/05/28 09:27:19,結案,PC,第一工務大隊,黃富美,修補變壞,安平區,鋪面,修補變壞,,安平區,經度:120.150747385761 緯度:22.9875076897375X_97坐標:162930.95 Y_97坐標:2543151.83,0,37.0
2197,1080500265,2019/05/27 14:48:03,結案,PC,養護工程科一股,陳癸燁,路面坑洞,北區,鋪面,路面坑洞,,東豐路83號前路面掏空等5件工程,經度:120.216136457871 緯度:23.0040589311463X_97坐標:169645.02 Y_97坐標:2544947.4,0,80.0
2219,1080500242,2019/05/24 18:46:09,結案,PC,第一工務大隊,王雅欣,路面坑洞,北區,鋪面,路面坑洞,,北區育德二路陽光公園旁路面破損等10件搶修,經度:120.202301995828 緯度:23.0078154594647X_97坐標:168229.03 Y_97坐標:2545371.05,0,97.0
2224,1080500237,2019/05/24 15:04:32,結案,PC,養護工程科一股,鄭世衡,人手孔周圍沉陷或損壞,南區,鋪面,人手孔周圍沉陷或損壞,,南門路.手孔聲韾及引上管等9件,經度:120.203617909986 緯度:22.9811600740973X_97坐標:168347.9 Y_97坐標:2542418.49,1,43.0
2228,1080500230,2019/05/23 11:39:28,結案,PC,養護工程科一股,陳癸燁,路面坑洞,北區,鋪面,路面坑洞,,東豐路(勝利路至長榮路往東方向)機車道路面掏空等5件工程,經度:120.221818241273 緯度:23.0026591954537X_97坐標:170226.67 Y_97坐標:2544789.29,0,81.0
2231,1080500227,2019/05/22 21:24:55,結案,PC,第一工務大隊,葉明晉,路面坑洞,東區,鋪面,路面坑洞,,大同路與榮譽街口路面下陷等修復,經度:120.211800305901 緯度:22.9884078561363X_97坐標:169191.18 Y_97坐標:2543216.58,0,62.0
2253,1080500198,2019/05/20 21:07:01,結案,PC,第一工務大隊,葉明晉,路面坑洞,中西區,鋪面,路面坑洞,,五妃街與永福路口掏空等修復工程,經度:120.208315370219 緯度:22.9826390891001X_97坐標:168830.43 Y_97坐標:2542579.67,0,43.0
2257,1080500194,2019/05/20 13:41:27,結案,PC,第一工務大隊,吳建中,路面破(龜)裂,安南區,鋪面,路面破(龜)裂,,海佃路二段92巷口人行道損壞等二處搶修,經度:120.190298762141 緯度:23.0315271349856X_97坐標:167013.05 Y_97坐標:2548003.65,3,131.0
2259,1080500192,2019/05/20 11:29:30,結案,PC,養護工程科一股,陳癸燁,路面坑洞,安平區,鋪面,路面坑洞,,安平路周氏蝦捲前路面淘空等5件工程,經度:120.174634546345 緯度:22.9982840049319X_97坐標:165386.8 Y_97坐標:2544331.23,0,76.0
2309,1080500123,2019/05/13 08:39:20,結案,PC,第三工務大隊,王培維,路面破(龜)裂,永康區,鋪面,路面破(龜)裂,,永康區正義街路面改善工程,經度:120.253701299766 緯度:23.028311989682X_97坐標:173509.68 Y_97坐標:2547613.08,0,138.0
2332,1080500097,2019/05/10 10:52:01,結案,PC,第三工務大隊,王培維,路面破(龜)裂,永康區,鋪面,路面破(龜)裂,,永大路三段(永大路三段618巷口至台1線區段)北向平面內側快車道(往台1線方向)路面改善工程,經度:120.258608962767 緯度:23.0390303935274X_97坐標:174018.71 Y_97坐標:2548797.48,0,156.0
2333,1080500096,2019/05/10 09:57:16,結案,PC,第一工務大隊,黃富美,修補變壞,安平區,鋪面,修補變壞,,安平區,經度:120.167185435574 緯度:22.9874389004778X_97坐標:164616.29 Y_97坐標:2543134.55,0,39.0
2334,1080500095,2019/05/10 09:55:34,結案,PC,第一工務大隊,黃富美,路面坑洞,安平區,鋪面,路面坑洞,,安平區,經度:120.164524412386 緯度:22.9925327547307X_97坐標:164346.67 Y_97坐標:2543700.2,0,57.0
2335,1080500094,2019/05/10 09:44:26,結案,PC,第一工務大隊,黃富美,修補變壞,安平區,鋪面,修補變壞,,安平區,經度:120.163570266619 緯度:22.9979860356035X_97坐標:164252.29 Y_97坐標:2544304.66,0,75.0
2336,1080500093,2019/05/10 09:40:28,結案,PC,第一工務大隊,黃富美,修補變壞,安平區,鋪面,修補變壞,,安平區,經度:120.161533555545 緯度:22.9992122955857X_97坐標:164044.26 Y_97坐標:2544441.65,0,74.0
2341,1080500087,2019/05/10 09:17:06,結案,PC,第一工務大隊,黃富美,路面坑洞,安平區,鋪面,路面坑洞,,安平區,經度:120.158727107276 緯度:22.9932441663886X_97坐標:163752.75 Y_97坐標:2543782.38,0,56.0
2346,1080500080,2019/05/09 20:55:17,結案,PC,第一工務大隊,葉明晉,路面坑洞,東區,鋪面,路面坑洞,,裕和路206號前路面掏空等多處搶修工程,經度:120.242817135171 緯度:22.9879381971298X_97坐標:172370.99 Y_97坐標:2543147.82,0,47.0
2349,1080500077,2019/05/09 16:59:38,結案,PC,第一工務大隊,吳建中,鋪面正常,安南區,鋪面,鋪面正常,,海佃路二段與海德二路口與海尾路等二處搶修,經度:120.189317200481 緯度:23.0347822339663X_97坐標:166914.44 Y_97坐標:2548364.68,1,149.0
2378,1080500037,2019/05/02 21:21:45,結案,PC,第一工務大隊,葉明晉,路面坑洞,東區,鋪面,路面坑洞,,東光路與凱旋路掏空等修復工程,經度:120.237542182441 緯度:22.9685030248268X_97坐標:171818.98 Y_97坐標:2540998.38,4,10.0
2408,1080400416,2019/04/30 21:09:58,結案,PC,第一工務大隊,葉明晉,路面坑洞,中西區,鋪面,路面坑洞,,忠義路42-1號前溝蓋提升等修復工程,經度:120.20191981832 緯度:22.9859432870363X_97坐標:168176.67 Y_97坐標:2542949.13,0,42.0
2455,1080400356,2019/04/25 21:17:45,結案,PC,第一工務大隊,王雅欣,路面坑洞,北區,鋪面,路面坑洞,,北區西門路四段336號前地磚破損等4件搶修,經度:120.209623299635 緯度:23.0136755193247X_97坐標:168983.06 Y_97坐標:2546015.93,1,97.0
2463,1080400346,2019/04/24 20:55:05,結案,PC,第一工務大隊,葉明晉,路面坑洞,中西區,鋪面,路面坑洞,,大福街30號前溝底阻塞等修復工程,經度:120.193730793787 緯度:22.9989531544727X_97坐標:167344.97 Y_97坐標:2544394.44,0,78.0
2465,1080400341,2019/04/24 16:34:54,結案,PC,養護工程科一股,許文耀,路面坑洞,南區,鋪面,路面坑洞,,金華路與建南路口溝底塞沙包,經度:120.191626363162 緯度:22.9848237495147X_97坐標:167120.6 Y_97坐標:2542830.93,1,41.0
2466,1080400340,2019/04/24 16:15:47,結案,PC,養護工程科一股,許文耀,路面坑洞,東區,鋪面,路面坑洞,,東門路三段226巷43號對面路面積水,經度:120.235045507284 緯度:22.9763098020066X_97坐標:171567.47 Y_97坐標:2541864.23,1,28.0
2544,1080400246,2019/04/16 14:59:30,結案,PC,第三工務大隊,陳緯剛,路面坑洞,新化區,鋪面,路面坑洞,,台南市,經度:120.310847707887 緯度:23.038509245282X_97坐標:179372.3 Y_97坐標:2548713.61,0,162.0
2560,1080400228,2019/04/12 21:41:10,結案,PC,第一工務大隊,葉明晉,路面坑洞,中西區,鋪面,路面坑洞,,大同路一段104號前斜坡打除等修復工程,經度:120.211117910652 緯度:22.9857620568364X_97坐標:169119.64 Y_97坐標:2542923.96,0,43.0
2561,1080400227,2019/04/12 21:29:48,結案,PC,第一工務大隊,葉明晉,路面坑洞,東區,鋪面,路面坑洞,,小東路190號旁水泥突出物打除等修復工程,經度:120.227582610163 緯度:22.9997544180204X_97坐標:170815.92 Y_97坐標:2544464.49,0,81.0
2565,1080400222,2019/04/12 12:08:16,結案,PC,第一工務大隊,鍾文曉,路面破(龜)裂,東區,鋪面,路面破(龜)裂,,東區崇善八街(崇善路至仁和路口),經度:120.231538875455 緯度:22.9724252976118X_97坐標:171205.66 Y_97坐標:2541435.94,0,28.0
2566,1080400221,2019/04/12 11:31:51,結案,PC,第一工務大隊,吳建中,路面破(龜)裂,安南區,鋪面,路面破(龜)裂,,鹽田路139號前路口及安吉路二段南下外車道等四處搶修,經度:120.145660208828 緯度:23.0332937129826X_97坐標:162438.92 Y_97坐標:2548225.28,0,145.0
2575,1080400211,2019/04/11 23:42:23,結案,PC,第一工務大隊,鍾文曉,路面破(龜)裂,安平區,鋪面,路面破(龜)裂,,健康三街(府平路至郡平路),經度:120.168491692228 緯度:22.9883795618156X_97坐標:164750.81 Y_97坐標:2543237.96,0,57.0
2576,1080400210,2019/04/11 23:30:28,結案,PC,第一工務大隊,鍾文曉,路面破(龜)裂,南區,鋪面,路面破(龜)裂,,南區仁南街(仁南四街路~健康路二段口),經度:120.184444604686 緯度:22.9836087919489X_97坐標:166383.5 Y_97坐標:2542700.46,0,41.0
2577,1080400209,2019/04/11 23:20:37,結案,PC,第一工務大隊,鍾文曉,路面破(龜)裂,南區,鋪面,路面破(龜)裂,,德興路(永興三街至中華南路二段),經度:120.19256702921 緯度:22.96230503031X_97坐標:167203.33 Y_97坐標:2540336.67,0,6.0
2578,1080400208,2019/04/11 23:15:11,結案,PC,第一工務大隊,鍾文曉,路面破(龜)裂,南區,鋪面,路面破(龜)裂,,德興路(永興三街至中華南路二段),經度:120.192536801209 緯度:22.9641769169368X_97坐標:167201.37 Y_97坐標:2540543.98,0,6.0
2579,1080400207,2019/04/11 23:07:10,結案,PC,第一工務大隊,鍾文曉,路面破(龜)裂,南區,鋪面,路面破(龜)裂,,南區新孝路,經度:120.189665744675 緯度:22.9777822475866X_97坐標:166915.27 Y_97坐標:2542052.26,0,23.0
2582,1080400203,2019/04/11 16:42:21,結案,PC,第一工務大隊,陳昱勳,路面鋪面變形推擠,南區,鋪面,路面鋪面變形推擠,,南區等道路,經度:120.195186627739 緯度:22.9830181458386X_97坐標:167484.54 Y_97坐標:2542628.97,0,42.0
2627,1080400157,2019/04/10 14:44:30,結案,PC,第一工務大隊,鍾文曉,路面破(龜)裂,中西區,鋪面,路面破(龜)裂,,中西區民權路三段(金華路~西和路),經度:120.188469065861 緯度:22.9989747746314X_97坐標:166805.55 Y_97坐標:2544399.81,0,77.0
2628,1080400156,2019/04/10 14:23:19,結案,PC,第一工務大隊,鍾文曉,路面破(龜)裂,中西區,鋪面,路面破(龜)裂,,中西區民權路三段(金華路~西和路),經度:120.190916528815 緯度:22.9981657362327X_97坐標:167055.97 Y_97坐標:2544308.83,0,77.0
2636,1080400143,2019/04/10 09:35:07,結案,PC,第一工務大隊,鍾文曉,路面破(龜)裂,東區,鋪面,路面破(龜)裂,,東區文化路(仁和路~文化一街)、文化二街(文化路~文化一街口),經度:120.231362970256 緯度:22.976921302266X_97坐標:171190.23 Y_97坐標:2541933.92,0,28.0
2637,1080400142,2019/04/10 09:26:31,結案,PC,第一工務大隊,鍾文曉,路面破(龜)裂,東區,鋪面,路面破(龜)裂,,東區立德六路、立德七路,經度:120.215044629751 緯度:22.976214728751X_97坐標:169516.59 Y_97坐標:2541864.53,1,26.0
2647,1080400132,2019/04/09 20:38:57,結案,PC,第一工務大隊,鍾文曉,路面車轍,安南區,鋪面,路面車轍,,安南區台江大道二段(長溪路及安吉路口等二處、東往西車道),經度:120.201032255853 緯度:23.0591767883124X_97坐標:168129.9 Y_97坐標:2551059.56,0,186.0
2648,1080400131,2019/04/09 20:25:55,結案,PC,第一工務大隊,鍾文曉,路面破(龜)裂,安南區,鋪面,路面破(龜)裂,,安南區府安路四段(府安路四段91巷口~府安路四段187巷口),經度:120.207702761606 緯度:23.0246998126875X_97坐標:168792.79 Y_97坐標:2547237.83,0,133.0
2649,1080400130,2019/04/09 20:18:50,結案,PC,第一工務大隊,鍾文曉,路面破(龜)裂,安南區,鋪面,路面破(龜)裂,,安南區府安路四段(安和路口~府安路四段91巷口),經度:120.213223129013 緯度:23.0252886657978X_97坐標:169358.98 Y_97坐標:2547299.99,0,134.0
2650,1080400129,2019/04/09 20:10:56,結案,PC,第一工務大隊,鍾文曉,路面破(龜)裂,安南區,鋪面,路面破(龜)裂,,安南區府安路三段(府安路三段319號至安和路口),經度:120.216795090954 緯度:23.0270017886939X_97坐標:169726.12 Y_97坐標:2547487.74,0,134.0
2652,1080400127,2019/04/09 19:37:13,結案,PC,第一工務大隊,鍾文曉,路面破(龜)裂,安南區,鋪面,路面破(龜)裂,,安南區安和路四段533巷151弄(州南十街~151弄尾),經度:120.215747797187 緯度:23.0591850144425X_97坐標:169637.87 Y_97坐標:2551052.31,0,188.0
2653,1080400126,2019/04/09 19:19:30,結案,PC,第一工務大隊,鍾文曉,路面破(龜)裂,安平區,鋪面,路面破(龜)裂,,建平三街(文平路至華平路),經度:120.176369537216 緯度:22.9858003538227X_97坐標:165556.91 Y_97坐標:2542947.78,0,40.0
2654,1080400125,2019/04/09 19:13:11,結案,PC,第一工務大隊,鍾文曉,路面破(龜)裂,安平區,鋪面,路面破(龜)裂,,光州路(府平路至郡平路),經度:120.160413329149 緯度:22.9881168988674X_97坐標:163922.38 Y_97坐標:2543213.59,0,56.0
2655,1080400124,2019/04/09 18:58:47,結案,PC,第一工務大隊,鍾文曉,路面破(龜)裂,北區,鋪面,路面破(龜)裂,,北區海安路三段985巷(含27弄及49弄),經度:120.199209545295 緯度:23.0194117522914X_97坐標:167919.03 Y_97坐標:2546656.96,0,114.0
2656,1080400123,2019/04/09 18:43:16,結案,PC,第一工務大隊,鍾文曉,路面破(龜)裂,北區,鋪面,路面破(龜)裂,,北區勝利路(小東路至東豐路),經度:120.218645115242 緯度:23.002199921007X_97坐標:169901.1 Y_97坐標:2544740.16,0,80.0
2657,1080400122,2019/04/09 18:26:54,結案,PC,第一工務大隊,鍾文曉,路面破(龜)裂,北區,鋪面,路面破(龜)裂,,北區北成路128巷(北成路至西門路四段533巷),經度:120.209454565597 緯度:23.0207664787317X_97坐標:168970 Y_97坐標:2546801.28,0,115.0
2672,1080400101,2019/04/08 23:26:04,結案,PC,第一工務大隊,鍾文曉,路面破(龜)裂,北區,鋪面,路面破(龜)裂,,北區西門路四段(和緯路二段至北安路一段),經度:120.210134193616 緯度:23.0152149956413X_97坐標:169036.35 Y_97坐標:2546186.13,1,115.0
2673,1080400100,2019/04/08 23:21:56,結案,PC,第一工務大隊,鍾文曉,路面破(龜)裂,北區,鋪面,路面破(龜)裂,,北區西門路四段(和緯路二段至北安路一段),經度:120.2093999582 緯度:23.0132310252218X_97坐標:168959.9 Y_97坐標:2545966.83,1,97.0
2675,1080400098,2019/04/08 23:16:33,結案,PC,第一工務大隊,鍾文曉,路面破(龜)裂,安南區,鋪面,路面破(龜)裂,,安南區館前街與館前二路(館前一路至館前二路75號),經度:120.23052154152 緯度:23.0576647119433X_97坐標:171150.91 Y_97坐標:2550875.91,0,189.0
2678,1080400095,2019/04/08 23:05:37,結案,PC,第一工務大隊,鍾文曉,路面破(龜)裂,仁德區,鋪面,路面破(龜)裂,,仁德區成功一路(保華路至二空路),經度:120.225157044201 緯度:22.9613372105964X_97坐標:170544.79 Y_97坐標:2540211.49,0,9.0
2680,1080400093,2019/04/08 22:55:26,結案,PC,第一工務大隊,鍾文曉,路面車轍,安南區,鋪面,路面車轍,,安南區台江大道三段(海佃路口),經度:120.176720979145 緯度:23.061326248257X_97坐標:165639.95 Y_97坐標:2551311.41,0,202.0
2681,1080400092,2019/04/08 22:47:51,結案,PC,第一工務大隊,鍾文曉,路面破(龜)裂,安平區,鋪面,路面破(龜)裂,,安平路642號至安平路726號,經度:120.16591801352 緯度:22.999471581259X_97坐標:164493.92 Y_97坐標:2544467.8,0,75.0
2707,1080400066,2019/04/08 10:18:23,結案,PC,第一工務大隊,黃富美,修補變壞,安平區,鋪面,修補變壞,,安平區,經度:120.166962981407 緯度:22.9904571194968X_97坐標:164595.38 Y_97坐標:2543468.92,1,57.0
2708,1080400065,2019/04/08 10:13:54,結案,PC,第一工務大隊,黃富美,修補變壞,安平區,鋪面,修補變壞,,安平區,經度:120.175269994132 緯度:22.9948210259157X_97坐標:165449.79 Y_97坐標:2543947.37,0,58.0
2709,1080400064,2019/04/08 10:05:38,結案,PC,第一工務大隊,黃富美,修補變壞,安平區,鋪面,修補變壞,,安平區,經度:120.171973151541 緯度:22.9897251266491X_97坐標:165108.6 Y_97坐標:2543384.95,0,57.0
2712,1080400061,2019/04/08 09:44:05,結案,PC,第一工務大隊,黃富美,修補變壞,安平區,鋪面,修補變壞,,安平區,經度:120.171876152251 緯度:22.988709547368X_97坐標:165098.02 Y_97坐標:2543272.54,0,57.0
2716,1080400057,2019/04/08 09:12:35,結案,PC,第一工務大隊,黃富美,修補變壞,安平區,鋪面,修補變壞,,安平區,經度:120.168669826939 緯度:22.9989356656692X_97坐標:164775.7 Y_97坐標:2544406.85,1,75.0
2718,1080400055,2019/04/06 00:17:46,結案,PC,第一工務大隊,鍾文曉,路面破(龜)裂,東區,鋪面,路面破(龜)裂,,東區東和路(光明街至林森路),經度:120.22685433085 緯度:22.998474089995X_97坐標:170740.51 Y_97坐標:2544323.1,0,81.0
2719,1080400054,2019/04/06 00:09:30,結案,PC,第一工務大隊,鍾文曉,路面破(龜)裂,東區,鋪面,路面破(龜)裂,,東區自由路三段(東門路三段至自由路三段16號)與自由路三段與東成街口,經度:120.237486452125 緯度:22.9763168670472X_97坐標:171817.76 Y_97坐標:2541863.71,0,28.0
2720,1080400053,2019/04/05 23:55:47,結案,PC,第一工務大隊,鍾文曉,路面破(龜)裂,東區,鋪面,路面破(龜)裂,,東區立德十路,經度:120.214333053354 緯度:22.977822095233X_97坐標:169444.58 Y_97坐標:2542042.92,0,26.0
2721,1080400052,2019/04/05 23:45:41,結案,PC,第一工務大隊,鍾文曉,路面破(龜)裂,東區,鋪面,路面破(龜)裂,,東區崇善東路,經度:120.232635428597 緯度:22.9676224770737X_97坐標:171315.32 Y_97坐標:2540903.49,0,10.0
2722,1080400051,2019/04/05 23:37:41,結案,PC,第一工務大隊,鍾文曉,路面破(龜)裂,東區,鋪面,路面破(龜)裂,,東區林森路一段,經度:120.221975010311 緯度:22.9852425002728X_97坐標:170232.51 Y_97坐標:2542860.48,0,45.0
2723,1080400050,2019/04/05 22:33:51,結案,PC,第一工務大隊,鍾文曉,路面破(龜)裂,北區,鋪面,路面破(龜)裂,,北區勝利路(開元路至東豐路),經度:120.21886770562 緯度:23.0050483142961X_97坐標:169925.6 Y_97坐標:2545055.47,0,80.0
2733,1080400038,2019/04/02 20:36:04,結案,PC,第一工務大隊,鍾文曉,路面破(龜)裂,安南區,鋪面,路面破(龜)裂,,安南區長溪路二段671巷81弄,經度:120.200602630428 緯度:23.0556829637287X_97坐標:168083.76 Y_97坐標:2550672.89,0,186.0
2734,1080400037,2019/04/02 20:31:53,結案,PC,第一工務大隊,鍾文曉,路面破(龜)裂,北區,鋪面,路面破(龜)裂,,北區小東路147巷,經度:120.226869339353 緯度:23.0010453213082X_97坐標:170743.55 Y_97坐標:2544607.83,1,81.0
2735,1080400036,2019/04/02 20:27:24,結案,PC,第一工務大隊,鍾文曉,路面破(龜)裂,北區,鋪面,路面破(龜)裂,,北區文成二路212巷,經度:120.204465528563 緯度:23.0158491494902X_97坐標:168455.65 Y_97坐標:2546259.5,0,115.0
2736,1080400035,2019/04/02 20:22:32,結案,PC,第一工務大隊,許均凱,路面破(龜)裂,北區,鋪面,路面破(龜)裂,,文成二路(海安路三段至育德一街),經度:120.202419633395 緯度:23.0150013122752X_97坐標:168245.42 Y_97坐標:2546166.75,0,97.0
2737,1080400034,2019/04/02 20:17:22,結案,PC,第一工務大隊,許均凱,路面破(龜)裂,北區,鋪面,路面破(龜)裂,,北區武聖路114巷、北區武聖路160巷及文賢路313巷(和緯路四段117巷至文賢路313巷64弄),經度:120.189926181318 緯度:23.0070420513118X_97坐標:166959.87 Y_97坐標:2545292.36,0,95.0
2746,1080400021,2019/04/01 22:14:57,結案,PC,第一工務大隊,鍾文曉,路面破(龜)裂,安南區,鋪面,路面破(龜)裂,,安南區永安路71巷8弄,經度:120.223464188249 緯度:23.0444665740793X_97坐標:170419.95 Y_97坐標:2549418.16,0,171.0
2747,1080400020,2019/04/01 17:02:34,結案,PC,第一工務大隊,王雅欣,路面破(龜)裂,北區,鋪面,路面破(龜)裂,,育德一街與育德二路186巷口等四件搶修,經度:120.2051163899 緯度:23.0120235606138X_97坐標:168520.07 Y_97坐標:2545835.49,0,97.0
2748,1080400019,2019/04/01 16:53:44,結案,PC,第一工務大隊,吳建中,鋪面正常,安南區,鋪面,鋪面正常,,海佃路二段764號及旁766巷口,經度:120.185156964136 緯度:23.04567675005X_97坐標:166494.76 Y_97坐標:2549573.52,0,167.0
2750,1080400016,2019/04/01 16:40:35,結案,PC,第一工務大隊,吳建中,路面鋪面變形推擠,安南區,鋪面,路面鋪面變形推擠,,北安路四段548巷3號及九份子大道與宜居路往西約50公尺,經度:120.215155009913 緯度:23.0668166384576X_97坐標:169581.66 Y_97坐標:2551897.77,0,206.0
2786,1080300876,2019/03/28 17:17:40,結案,PC,第一工務大隊,陳昱勳,路面鋪面變形推擠,南區,鋪面,路面鋪面變形推擠,,南區等道路,經度:120.18468571426 緯度:22.9771540391297X_97坐標:166404.25 Y_97坐標:2541985.52,0,23.0
2787,1080300875,2019/03/28 17:05:20,結案,PC,第一工務大隊,陳昱勳,路面鋪面變形推擠,南區,鋪面,路面鋪面變形推擠,,南區等道路,經度:120.18463676232 緯度:22.978615854377X_97坐標:166400.13 Y_97坐標:2542147.43,0,23.0
2849,1080300811,2019/03/26 17:34:51,結案,PC,第一工務大隊,鍾文曉,路面破(龜)裂,安平區,鋪面,路面破(龜)裂,,永華十街,經度:120.166420653938 緯度:22.992289540131X_97坐標:164540.93 Y_97坐標:2543672.16,0,57.0
2857,1080300803,2019/03/26 12:52:36,結案,PC,第一工務大隊,葉明晉,路面坑洞,中西區,鋪面,路面坑洞,,中正路126前溝蓋破損等多處搶修工程,經度:120.199756586256 緯度:22.9926734616551X_97坐標:167958.94 Y_97坐標:2543695.64,0,60.0
2858,1080300802,2019/03/26 12:40:10,結案,PC,第一工務大隊,葉明晉,路面坑洞,東區,鋪面,路面坑洞,,大同路一段197巷97號對面掏空等多處搶修工程,經度:120.213135822749 緯度:22.9839670515826X_97坐標:169325.47 Y_97坐標:2542724.07,1,44.0
2864,1080300796,2019/03/26 09:29:41,結案,PC,第一工務大隊,陳昱勳,修補變壞,南區,鋪面,修補變壞,,南區等道路,經度:120.186494637673 緯度:22.963577768767X_97坐標:166581.4 Y_97坐標:2540481.05,0,5.0
2867,1080300793,2019/03/26 09:20:31,結案,PC,第一工務大隊,吳建中,路面坑洞,安南區,鋪面,路面坑洞,,安和路二段(238號)與政安路口,經度:120.21608787011 緯度:23.04180919771X_97坐標:169662.41 Y_97坐標:2549127.91,0,152.0
2926,1080300732,2019/03/22 17:44:34,結案,PC,第一工務大隊,王雅欣,路面坑洞,北區,鋪面,路面坑洞,,北區海安路三段(鄰文成五街)汽車道標字補劃等2件搶修,經度:120.200185205185 緯度:23.0177416920107X_97坐標:168018.03 Y_97坐標:2546471.47,1,114.0
3005,1080300648,2019/03/21 09:39:46,結案,PC,第一工務大隊,黃富美,修補變壞,安平區,鋪面,修補變壞,,安平區,經度:120.160329199936 緯度:23.003345293697X_97坐標:163923.41 Y_97坐標:2544900.05,0,74.0
3099,1080300540,2019/03/15 09:06:22,結案,PC,第一工務大隊,黃富美,路面坑洞,安平區,鋪面,路面坑洞,,安平區,經度:120.175855170486 緯度:22.989253407429X_97坐標:165506.32 Y_97坐標:2543330.47,0,58.0
3100,1080300539,2019/03/15 09:00:41,結案,PC,第一工務大隊,黃富美,路面坑洞,安平區,鋪面,路面坑洞,,安平區,經度:120.166332329473 緯度:22.9860379119601X_97坐標:164527.94 Y_97坐標:2542979.9,0,39.0
3101,1080300537,2019/03/15 08:58:36,結案,PC,第一工務大隊,吳建中,路面鋪面變形推擠,安南區,鋪面,路面鋪面變形推擠,,本田路三段187號往東72公尺至臺南鹽場公車站牌,經度:120.161864921055 緯度:23.0426627079252X_97坐標:164105.76 Y_97坐標:2549253.22,0,164.0
3103,1080300533,2019/03/15 08:52:32,結案,PC,第一工務大隊,黃富美,修補變壞,安平區,鋪面,修補變壞,,安平區,經度:120.143385448392 緯度:22.9949088144184X_97坐標:162180.92 Y_97坐標:2543975.83,1,55.0
3148,1080300486,2019/03/13 09:32:52,結案,PC,第一工務大隊,葉明晉,路面坑洞,中西區,鋪面,路面坑洞,,大同路與開山路口溝蓋破損搶修,經度:120.21103657428 緯度:22.9850557647279X_97坐標:169110.88 Y_97坐標:2542845.79,1,43.0
3149,1080300485,2019/03/13 09:30:28,結案,PC,第一工務大隊,葉明晉,路面坑洞,東區,鋪面,路面坑洞,,東和路146號前路面掏空等搶修,經度:120.227745861351 緯度:22.9984575794841X_97坐標:170831.9 Y_97坐標:2544320.79,1,81.0
3208,1080300426,2019/03/11 13:33:08,結案,PC,第一工務大隊,吳建中,路面坑洞,安南區,鋪面,路面坑洞,,海佃路二段233號及海環街151號前,經度:120.188807108018 緯度:23.0358595246248X_97坐標:166862.82 Y_97坐標:2548484.27,0,149.0
3220,1080300414,2019/03/11 12:09:25,結案,PC,第一工務大隊,吳建中,路面車轍,安南區,鋪面,路面車轍,,開安路187號對面,經度:120.224869964243 緯度:23.0501928685021X_97坐標:170567.38 Y_97坐標:2550051.53,0,171.0
3372,1080300252,2019/03/08 08:52:05,結案,PC,第一工務大隊,黃富美,路面鋪面變形推擠,安平區,鋪面,路面鋪面變形推擠,,安平區,經度:120.180746531949 緯度:22.9911610090136X_97坐標:166009 Y_97坐標:2543538.91,1,58.0
3557,1080300063,2019/03/05 16:53:14,結案,PC,第一工務大隊,黃富美,修補變壞,安平區,鋪面,修補變壞,,安平區,經度:120.18690526842 緯度:22.9893498709069X_97坐標:166639.32 Y_97坐標:2543334.83,1,59.0
3583,1080300034,2019/03/04 22:46:32,結案,PC,第一工務大隊,葉明晉,路面坑洞,中西區,鋪面,路面坑洞,,大勇街與大智街口溝蓋提升等多處搶修,經度:120.19775830426 緯度:22.995436054921X_97坐標:167755.74 Y_97坐標:2544002.69,0,60.0
3584,1080300033,2019/03/04 21:28:34,結案,PC,第一工務大隊,葉明晉,路面坑洞,東區,鋪面,路面坑洞,,小東路338號前人行道磚破損等多處搶修,經度:120.231388125584 緯度:22.9812673847128X_97坐標:171195.33 Y_97坐標:2542415.19,0,46.0
3634,1080200246,2019/02/27 17:24:20,結案,PC,第一工務大隊,王雅欣,路面破(龜)裂,北區,鋪面,路面破(龜)裂,,北區,經度:120.202896609251 緯度:22.9800419471962X_97坐標:168273.27 Y_97坐標:2542295.07,0,43.0
3750,1080200120,2019/02/20 09:06:43,結案,PC,第一工務大隊,黃富美,修補變壞,安平區,鋪面,修補變壞,,安平區,經度:120.178431944535 緯度:22.9984406431495X_97坐標:165776.21 Y_97坐標:2544346.39,0,76.0
3771,1080200093,2019/02/18 10:38:24,結案,PC,第一工務大隊,王雅欣,路面坑洞,北區,鋪面,路面坑洞,,北區和緯路三段296號前人行道地磚破損等7件搶修,經度:120.196300399973 緯度:23.0103575173384X_97坐標:167615.33 Y_97坐標:2545655.92,0,96.0
3773,1080200091,2019/02/18 10:12:15,結案,PC,第一工務大隊,黃富美,修補變壞,安平區,鋪面,修補變壞,,安平區,經度:120.163466903102 緯度:22.9998015260934X_97坐標:164242.84 Y_97坐標:2544505.77,0,75.0
3775,1080200089,2019/02/18 09:14:04,結案,PC,第一工務大隊,王雅欣,路面坑洞,北區,鋪面,路面坑洞,,北區和緯路二段207號前人行道旁(鄰道路)側邊水泥碎石移除等11件搶修,經度:120.205757157031 緯度:23.0121150909407X_97坐標:168585.81 Y_97坐標:2545845.27,1,97.0
3784,1080200076,2019/02/15 10:08:07,結案,PC,第一工務大隊,吳建中,路面鋪面變形推擠,安南區,鋪面,路面鋪面變形推擠,,安西一街33-39號,經度:120.206879369072 緯度:23.030866497834X_97坐標:168712.09 Y_97坐標:2547921.19,0,133.0
3785,1080200075,2019/02/15 10:04:11,結案,PC,第一工務大隊,吳建中,路面鋪面變形推擠,安南區,鋪面,路面鋪面變形推擠,,海佃路一段59號及107號,經度:120.191889263754 緯度:23.0223466198957X_97坐標:167170.46 Y_97坐標:2546986.09,2,113.0
3823,1080200029,2019/02/11 14:26:43,結案,PC,第一工務大隊,黃富美,路面破(龜)裂,安平區,鋪面,路面破(龜)裂,,安平區,經度:120.164933849827 緯度:22.9994821981378X_97坐標:164393.03 Y_97坐標:2544469.55,1,75.0
3825,1080200026,2019/02/11 09:31:28,結案,PC,第一工務大隊,黃富美,路面破(龜)裂,安平區,鋪面,路面破(龜)裂,,安平區,經度:120.174492223148 緯度:22.9981093438422X_97坐標:165372.1 Y_97坐標:2544311.97,0,76.0
3889,1080100194,2019/01/29 10:17:49,結案,PC,第三工務大隊,王培維,路面破(龜)裂,新化區,鋪面,路面破(龜)裂,,新化區北勢里北勢路等路面改善工程,經度:120.290201246838 緯度:23.0462642029523X_97坐標:177260.44 Y_97坐標:2549582.5,0,178.0
3892,1080100191,2019/01/29 10:00:09,結案,PC,第三工務大隊,王培維,路面破(龜)裂,新化區,鋪面,路面破(龜)裂,,新化區太平里中正路590巷道路改善工程,經度:120.305064486583 緯度:23.0428327206063X_97坐標:178781.86 Y_97坐標:2549195.19,0,179.0
3893,1080100190,2019/01/29 09:57:55,結案,PC,第三工務大隊,王培維,路面破(龜)裂,新化區,鋪面,路面破(龜)裂,,新化區武安里正新南路及健康路鋪面改善工程,經度:120.306647683097 緯度:23.0320516116767X_97坐標:178938.46 Y_97坐標:2548000.53,0,143.0
3894,1080100189,2019/01/29 09:54:57,結案,PC,第三工務大隊,王培維,路面破(龜)裂,新化區,鋪面,路面破(龜)裂,,新化區太平里太平街6號至24號道路改善工程,經度:120.308567392547 緯度:23.0398203270836X_97坐標:179139.28 Y_97坐標:2548859.9,0,161.0
3907,1080100174,2019/01/25 15:24:23,結案,PC,第一工務大隊,黃富美,修補變壞,安平區,鋪面,修補變壞,,安平區,經度:120.185958867536 緯度:22.9937302127786X_97坐標:166544.98 Y_97坐標:2543820.45,0,59.0
3908,1080100173,2019/01/25 15:14:28,結案,PC,第一工務大隊,黃富美,修補變壞,安平區,鋪面,修補變壞,,安平區,經度:120.150638911766 緯度:22.9951984555106X_97坐標:162924.76 Y_97坐標:2544003.58,2,55.0
3911,1080100167,2019/01/25 14:52:26,結案,PC,第一工務大隊,黃富美,路面坑洞,安平區,鋪面,路面坑洞,,安平區,經度:120.170928776763 緯度:22.9898643271661X_97坐標:165001.61 Y_97坐標:2543400.97,0,57.0
3918,1080100155,2019/01/24 09:25:05,結案,PC,第一工務大隊,吳建中,人手孔周圍沉陷或損壞,安南區,鋪面,人手孔周圍沉陷或損壞,,慶和路二段與館前南路口,經度:120.223327975869 緯度:23.0490806947978X_97坐標:170408.702 Y_97坐標:2549929.205,0,171.0
3920,1080100153,2019/01/23 16:30:00,結案,PC,第一工務大隊,吳建中,路面鋪面變形推擠,安南區,鋪面,路面鋪面變形推擠,,安明路二段與本田路口左轉彎車道,經度:120.15841695435 緯度:23.0402457028272X_97坐標:163750.847 Y_97坐標:2548987.584,0,146.0
3939,1080100132,2019/01/21 11:38:42,結案,PC,第一工務大隊,吳建中,路面鋪面變形推擠,安南區,鋪面,路面鋪面變形推擠,,怡安路一段262巷63號前及頂安街399巷2號,經度:120.209969482383 緯度:23.0432439768963X_97坐標:169036.21 Y_97坐標:2549290.17,0,169.0
3957,1080100106,2019/01/19 12:06:23,結案,PC,第一工務大隊,葉明晉,路面坑洞,中西區,鋪面,路面坑洞,開山路(延平郡王祠前),開山路(延平郡王祠前)地磚鬆動破損等多處搶修,經度:120.208446936877 緯度:22.9879452306365X_97坐標:168847.09 Y_97坐標:2543167.2,0,43.0
3959,1080100104,2019/01/19 11:16:22,結案,PC,第一工務大隊,葉明晉,路面坑洞,東區,鋪面,路面坑洞,,崇德路與崇明17街口掏空等多處搶修,經度:120.225595864325 緯度:22.9788498922297X_97坐標:170600.02 Y_97坐標:2542150.6,0,27.0
3967,1080100093,2019/01/17 14:57:07,結案,PC,第一工務大隊,黃富美,路面坑洞,安平區,鋪面,路面坑洞,,安平區,經度:120.171120263809 緯度:22.9935673027623X_97坐標:165023.56 Y_97坐標:2543810.93,0,57.0
3971,1080100088,2019/01/17 09:29:40,結案,PC,第一工務大隊,吳建中,修補變壞,安南區,鋪面,修補變壞,,慈安路113-117號,經度:120.206644400084 緯度:23.0325554828762X_97坐標:168689.02 Y_97坐標:2548108.36,0,133.0
3978,1080100079,2019/01/14 14:45:26,結案,PC,第一工務大隊,黃富美,修補變壞,安平區,鋪面,修補變壞,,古堡街54號,經度:120.161410996377 緯度:23.0019355642525X_97坐標:164033.42 Y_97坐標:2544743.3,0,74.0
3982,1080100075,2019/01/14 09:24:12,結案,PC,第一工務大隊,黃富美,修補變壞,安平區,鋪面,修補變壞,,永華路,經度:120.15851755367 緯度:22.9913467399503X_97坐標:163730.06 Y_97坐標:2543572.38,0,56.0
3984,1080100073,2019/01/14 09:15:52,結案,PC,第一工務大隊,黃富美,修補變壞,安平區,鋪面,修補變壞,,安平路,經度:120.165755950937 緯度:22.999542516782X_97坐標:164477.35 Y_97坐標:2544475.75,0,75.0
3985,1080100072,2019/01/14 09:08:18,結案,PC,第一工務大隊,黃富美,修補變壞,安平區,鋪面,修補變壞,,世平一街與州安三街,經度:120.147131828584 緯度:22.9925731805823X_97坐標:162563.51 Y_97坐標:2543714.94,0,55.0
3986,1080100071,2019/01/14 09:03:24,結案,PC,第一工務大隊,黃富美,修補變壞,安平區,鋪面,修補變壞,安平區,健康三街696號前,經度:120.168808995068 緯度:22.9900328290715X_97坐標:164784.38 Y_97坐標:2543420.86,0,57.0
4022,1080100026,2019/01/08 16:27:05,結案,PC,第一工務大隊,黃富美,路面鋪面變形推擠,安平區,鋪面,路面鋪面變形推擠,,安平區建平路與建平11街,經度:120.183688661575 緯度:22.9942836347939X_97坐標:166312.57 Y_97坐標:2543883.03,1,59.0
4024,1080100024,2019/01/08 11:59:34,結案,PC,第一工務大隊,吳建中,路面鋪面變形推擠,安南區,鋪面,路面鋪面變形推擠,,慈興一街與慈興路口路面塌陷修補後標線恢復等搶修,經度:120.151168953862 緯度:23.0628616815359X_97坐標:163022.532 Y_97坐標:2551496.415,0,199.0
4041,1071200020,2018/12/25 10:59:56,結案,PC,原宏營造有限公司,張巡查,路面坑洞,永康區,鋪面,路面坑洞,,test,經度:120.256914347701 緯度:23.0321605994145X_97坐標:173841.17 Y_97坐標:2548037.6,1,138.0
4043,1071200003,2018/12/08 09:14:19,已派工,PC,第一工務大隊,葉明晉,路面坑洞,中西區,鋪面,路面坑洞,我的位置,金華路四段5號,經度:120.195969319067 緯度:23.0018615748905X_97坐標:167576.23 Y_97坐標:2544715.26,0,78.0
4058,1071000015,2018/10/15 14:34:57,錄案,手機,養護工程科一股,朱利安,鋪面正常,東區,鋪面,鋪面正常,測試,東門路三段258號,經度:120.236123714495 緯度:22.9761657714844X_97坐標:171677.93 Y_97坐標:2541847.7,1,28.0
4059,1071000008,2018/10/12 09:49:10,派工中,手機,原宏營造有限公司,張巡查,路面坑洞,北區,鋪面,路面坑洞,,臺南公園,經度:120.212565128775 緯度:23.0011386716503X_97坐標:169277.15 Y_97坐標:2544625.97,0,80.0
4087,1070800003,2018/08/07 16:56:08,,手機,,,路面車轍,行政區,鋪面,路面車轍,通報里程點,ｏｏ區ｏｏ路ｏｏ號,經度:120.227689 緯度:22.99107X_97坐標:170821.75 Y_97坐標:2543502.72,0,63.0
